family_id,canonical_title,year,venue,publication_status,canonical_url,arxiv_ids,doi,record_ids,categories,member_count,resolution_basis,review_status
PF-S06-0138,τ0-VLA: A Hierarchical Robot Foundation Model with World-Model-Guided Test-Time Computation,2026,arXiv 预印本（项目页 tau0-vla.github.io）。【证据：标题页】,arXiv 预印本（2026）。【证据：PDF 首页】,https://arxiv.org/abs/2608.16885,2608.16885,,S06-0138,世界模型&VLA&规划,1,singleton,candidate_singleton
PF-S01-0037,τ0-WM: A Unified Video-Action World Model for Robotic Manipulation,2026,arXiv cs.RO,预印本（v2，2026-08）,https://arxiv.org/abs/2606.01027,2606.01027,,S01-0037 | S06-0045,世界模型&VLA&规划 | 世界模型基础&控制,2,arxiv_id,deterministic_identity
PF-S06-0141,1X World Model,2026,1X Technologies官方技术报告,已发布（2025-06-16；更新2026-01-12）,https://arxiv.org/abs/2510.07092,2510.07092,,S06-0141,世界模型&VLA&规划,1,singleton,candidate_singleton
PF-S07-0122,1X World Model Challenge: Learning a World Model from Real-World Humanoid Robot Data,2025,github.com,来源待核验,https://github.com/1x-technologies/1x-world-model-challenge,,,S07-0122,评估&安全&Benchmark,1,singleton,candidate_singleton
PF-S04-0013,3D-MoRe: Unified modal-contextual reasoning for embodied question answering,2025,Proceedings of the IEEE/RSJ international conference on intelligent robots and systems (IROS),正式会议论文,https://ieeexplore.ieee.org/document/11247159,,,S04-0013,结构化物理&多模态,1,singleton,candidate_singleton
PF-S07-0050,3DSRBench: A Comprehensive 3D Spatial Reasoning Benchmark,2025,ICCV 2025,正式论文来源,https://openaccess.thecvf.com/content/ICCV2025/html/Ma_3DSRBench_A_Comprehensive_3D_Spatial_Reasoning_Benchmark_ICCV_2025_paper.html,,,S07-0050,评估&安全&Benchmark,1,singleton,candidate_singleton
PF-S06-0157,4D-WAM: Infusing Spatiotemporal Awareness into World Action Models through Trajectory Fields,2026,arXiv 预印本（标注 AAAI-style 引用 2026），2026。【证据：首页】,预印本，未确认会议接收。【证据：首页】,https://arxiv.org/abs/2608.08023,2608.08023,,S06-0157 | S06-0200,世界模型&VLA&规划,2,arxiv_id,manual_identity_review
PF-S07-0033,4DWorldBench: A Comprehensive Evaluation Framework for 3D/4D World Generation Models,2026,CVPR 2026,正式论文来源,https://openaccess.thecvf.com/content/CVPR2026/html/Lu_4DWorldBench_A_Comprehensive_Evaluation_Framework_for_3D4D_World_Generation_Models_CVPR_2026_paper.html,,,S07-0033,评估&安全&Benchmark,1,singleton,candidate_singleton
PF-S06-0024,A_0: An affordance-aware hierarchical model for general robotic manipulation,2025,Proceedings of the IEEE/CVF international conference on computer vision (ICCV),正式会议论文,https://openaccess.thecvf.com/content/ICCV2025/html/Xu_A0_An_Affordance-Aware_Hierarchical_Model_for_General_Robotic_Manipulation_ICCV_2025_paper.html,,,S06-0024,世界模型&VLA&规划,1,singleton,candidate_singleton
PF-S06-0033,A_1: Adaptive truncated vision–language–action model from affordance to action,2026,Proceedings of the IEEE/CVF conference on computer vision and pattern recognition (CVPR) findings,技术报告,https://openaccess.thecvf.com/content/CVPR2026F/html/Zhang_A1_Adaptive_Truncated_Vision-Language-Action_Model_from_Affordance_to_Action_CVPRF_2026_paper.html,,,S06-0033,世界模型&VLA&规划,1,singleton,candidate_singleton
PF-S04-0017,A Compositional Object-Based Approach to Learning Physical Dynamics,2017,International Conference on Learning Representations (ICLR 2017),正式会议论文,https://arxiv.org/abs/1612.00341,1612.00341,,S04-0017,结构化物理&多模态,1,singleton,candidate_singleton
PF-S07-0002,A Comprehensive Survey on Safe Reinforcement Learning,2015,Journal of Machine Learning Research (JMLR),正式发表/期刊,https://www.jmlr.org/papers/volume16/garcia15a.html,,,S07-0002,评估&安全&Benchmark,1,singleton,candidate_singleton
PF-S01-0018,A comprehensive survey on world models for embodied AI,2025,,预印本/公开稿,https://arxiv.org/abs/2510.16732,2510.16732,,S01-0018,世界模型基础&控制,1,singleton,candidate_singleton
PF-S07-0164,A Cross-Embodiment Gripper Benchmark for Rigid-Object Manipulation in Aerial and Industrial Robotics,2025,arXiv,预印本/公开稿,https://arxiv.org/abs/2512.01598,2512.01598,,S07-0164,评估&安全&Benchmark,1,singleton,candidate_singleton
PF-S06-0003,A generalist agent,2022,Transactions on Machine Learning Research,期刊/正式出版,https://arxiv.org/abs/2205.06175,2205.06175,,S06-0003,世界模型&VLA&规划,1,singleton,candidate_singleton
PF-S07-0225,A Lyapunov-based Approach to Safe Reinforcement Learning,2018,arXiv,预印本/公开稿,https://arxiv.org/abs/1705.07708,1705.07708,,S07-0225,评估&安全&Benchmark,1,singleton,candidate_singleton
PF-S05-0165,A mixed reality-assisted human-to-robot skill transfer approach for contact-rich assembly via visuomotor primitives,2025,Robotics and Computer-Integrated Manufacturing (Elsevier),期刊正式出版,https://link.wtturl.cn/?target=https://pdf.sciencedirectassets.com/271446/1-s2.0-S0736584525X00065/1-s2.0-S0736584525002625/main.pdf&scene=im&aid=582478&lang=zh,,,S05-0165,数据&模拟&跨本体,1,singleton,candidate_singleton
PF-S05-0145,A Novel Framework for Collaborative Knowledge Sharing and Learning for Disaster Response Robots,2024,Springer,已发表,https://link.springer.com/chapter/10.1007/978‑3‑031‑88705‑5_11,,,S05-0145,数据&模拟&跨本体,1,singleton,candidate_singleton
PF-S01-0012,A path towards autonomous machine intelligence,2022,OpenReview preprint,预印本/公开稿,,,,S01-0012,世界模型基础&控制,1,singleton,candidate_singleton
PF-S03-0049,A Probabilistic Model behind Self-Supervised Learning (SimVAE),2024,TMLR 2024,已发表（TMLR 2024）,https://arxiv.org/abs/2402.01399,2402.01399,,S03-0049,Latent&预测表示,1,singleton,candidate_singleton
PF-S06-0148,A Step Toward World Models: A Survey on Robotic Manipulation,2025,arXiv预印本,预印本（2025-10-31）,https://arxiv.org/abs/2511.02097,2511.02097,,S06-0148,世界模型&VLA&规划,1,singleton,candidate_singleton
PF-S05-0121,A4A: Cross‑Embodiment Transfer of Action‑Oriented 4D Affordances from Human Demonstrations,2026,arXiv preprint,预印本,https://arxiv.org/abs/2609.05892,2609.05892,,S05-0121,数据&模拟&跨本体,1,singleton,candidate_singleton
PF-S01-0057,Accelerating Reinforcement Learning with Learned Skill Priors,2021,CoRL 2020 / PMLR 2021 / arXiv,已发表会议论文,https://arxiv.org/abs/2010.11944,2010.11944,,S01-0057,世界模型基础&控制,1,singleton,candidate_singleton
PF-S02-0044,Accurate and Efficient World Modeling with Masked Latent Transformers (EMERALD),2025,arXiv 2025（预印本）,预印本,https://arxiv.org/abs/2507.04075,2507.04075,,S02-0044,视觉&视频世界模型,1,singleton,candidate_singleton
PF-S07-0182,ACT-Bench: Towards Action Controllable World Models for Autonomous Driving,2024,arXiv,预印本/公开稿,https://arxiv.org/abs/2412.05337,2412.05337,,S07-0182,评估&安全&Benchmark,1,singleton,candidate_singleton
PF-S06-0128,Act2Goal: From World Model To General Goal-conditioned Policy,2025（v1: 2025-12-29）,Robotics: Science and Systems (RSS) 2026,已接收（RSS 2026）,https://arxiv.org/abs/2512.23541,2512.23541,,S06-0128,世界模型&VLA&规划,1,singleton,candidate_singleton
PF-S01-0023,Action-Conditional Video Prediction using Deep Networks in Atari Games,2015,NeurIPS 2015 / arXiv,已发表会议论文,https://arxiv.org/abs/1507.08750,1507.08750,,S01-0023,世界模型基础&控制,1,singleton,candidate_singleton
PF-S04-0035,Action Conditioned Tactile Prediction: case study on slip prediction,2022,Robotics: Science and Systems XVIII (RSS 2022),正式会议论文,https://doi.org/10.15607/RSS.2022.XVIII.070,,10.15607/RSS.2022.XVIII.070,S04-0035,结构化物理&多模态,1,singleton,candidate_singleton
PF-S06-0090,Action Images: End-to-End Policy Learning via Multiview Video Generation,2026,arXiv:2604.06168,arXiv 预印本,https://arxiv.org/abs/2604.06168,2604.06168,,S06-0090,世界模型&VLA&规划,1,singleton,candidate_singleton
PF-S07-0130,ActionReasoningBench: Reasoning about Actions,2024,arXiv,预印本/公开稿,https://arxiv.org/abs/2406.04046,2406.04046,,S07-0130,评估&安全&Benchmark,1,singleton,candidate_singleton
PF-S05-0011,Affordances from human videos as a versatile representation for robotics,2023,IEEE/CVF conference on computer vision and pattern recognition,正式会议论文,https://ieeexplore.ieee.org/stamp/stamp.jsp?tp=&arnumber=10204422&origin_source=search&origin_method=searchbar,,,S05-0011,数据&模拟&跨本体,1,singleton,candidate_singleton
PF-S06-0155,AffordanceWAM: Affordance-Aware Joint World–Action Modeling for Robot Manipulation,2026,OpenReview 会议投稿（id=dIwv4m3CFO）；同内容见 arXiv:2609.22332（2026-08-01 v1）。【证据：OpenReview URL+arXiv】,预印本/在投（OpenReview 需登录，未确认录用）。【证据：OpenReview 拦截页】,https://openreview.net/pdf?id=dIwv4m3CFO,,,S06-0155,世界模型&VLA&规划,1,singleton,candidate_singleton
PF-S03-0034,AgiBot World Colosseo (GO-1),2025,arXiv,预印本（arXiv:2503.06669）,https://arxiv.org/abs/2503.06669,2503.06669,,S03-0034,Latent&预测表示,1,singleton,candidate_singleton
PF-S07-0209,AGQA: A Benchmark for Compositional Spatio-Temporal Reasoning in Videos,2020,cs.stanford.edu,来源待核验,https://cs.stanford.edu/people/ranjaykrishna/agqa/,,,S07-0209,评估&安全&Benchmark,1,singleton,candidate_singleton
PF-S05-0003,AI2-THOR: An interactive 3D environment for visual AI,2017,arXiv preprint arXiv:1712.05474,预印本/公开稿,https://arxiv.org/abs/1712.05474,1712.05474,,S05-0003 | S07-0195,数据&模拟&跨本体 | 评估&安全&Benchmark,2,arxiv_id,deterministic_identity
PF-S05-0028,AIRoA MoMa Dataset,2025,arXiv预印本（cs.RO）,预印本（2025-09-29）,https://arxiv.org/abs/2509.25032,2509.25032,,S05-0028,数据&模拟&跨本体,1,singleton,candidate_singleton
PF-S07-0196,ALFRED: A Benchmark for Interpreting Grounded Instructions for Everyday Tasks,2019,arXiv,预印本/公开稿,https://arxiv.org/abs/1912.01734,1912.01734,,S07-0196,评估&安全&Benchmark,1,singleton,candidate_singleton
PF-S05-0055,Align-then-Steer: Adapting the Vision-Language-Action Models through Unified Late-Stage Alignment,2026,Conference on Robot Learning (CoRL 2026),已接收待发表,https://proceedings.iclr.cc/paper_files/paper/2026/file/1862ea85f21ca819eed2b75af39bba60-Paper-Conference.pdf,,,S05-0055 | S05-0110,数据&模拟&跨本体,2,manual_merge,manual_identity_review
PF-S05-0188,AM‑Bench: A Modular Simulation Suite and Benchmark for Aerial Manipulation Policy Learning,2026,arXiv preprint,预印本,https://arxiv.org/abs/2609.00641,2609.00641,,S05-0188,数据&模拟&跨本体,1,singleton,candidate_singleton
PF-S06-0025,An anatomy of vision-language-action models: From modules to milestones and challenges,2025,,版本待核验,https://arxiv.org/abs/2512.11362,2512.11362,,S06-0025,世界模型&VLA&规划,1,singleton,candidate_singleton
PF-S05-0154,AnchorDream: Repurposing Video Diffusion for Embodiment‑Aware Robot Data Synthesis,2025,arXiv 预印本,预印本,https://arxiv.org/abs/2512.11797,2512.11797,,S05-0154,数据&模拟&跨本体,1,singleton,candidate_singleton
PF-S05-0167,AnyBody: A Benchmark Suite for Cross-Embodiment Manipulation,2025,arXiv preprint,预印本,https://arxiv.org/abs/2505.14986,2505.14986,,S05-0167 | S07-0153,数据&模拟&跨本体 | 评估&安全&Benchmark,2,arxiv_id,deterministic_identity
PF-S05-0102,AnyGrasp: Robust and Efficient Grasp Perception in Spatial and Temporal Domains,2022,T-RO 2023,期刊,https://arxiv.org/abs/2212.08333,2212.08333,,S05-0102,数据&模拟&跨本体,1,singleton,candidate_singleton
PF-S05-0059,AnyWorld: Factorized Egocentric World Models for Cross-Embodiment Generalization,2026,Conference on Robot Learning (CoRL 2026),已接收待发表,https://arxiv.org/abs/2608.29242,2608.29242,,S05-0059,数据&模拟&跨本体,1,singleton,candidate_singleton
PF-S07-0039,Are Video Models Ready as Zero-Shot Reasoners? An Empirical Study with the MME-CoF Benchmark,2026,CVPR 2026,正式论文来源,https://openaccess.thecvf.com/content/CVPR2026F/html/Guo_Are_Video_Models_Ready_as_Zero-Shot_Reasoners_An_Empirical_Study_CVPRF_2026_paper.html,,,S07-0039,评估&安全&Benchmark,1,singleton,candidate_singleton
PF-S07-0235,Argoverse 2: Next Generation Datasets for Self-Driving Perception and Forecasting,2021,arXiv,预印本/公开稿,https://arxiv.org/abs/2301.00493,2301.00493,,S07-0235,评估&安全&Benchmark,1,singleton,candidate_singleton
PF-S07-0206,Assembly101: A Large-Scale Multi-View Video Dataset for Understanding Procedural Activities,2022,assembly-101.github.io,来源待核验,https://assembly-101.github.io/,,,S07-0206,评估&安全&Benchmark,1,singleton,candidate_singleton
PF-S02-0037,Auto-JEPA: A Latent World Model of Continuous Intent for End-to-End Autonomous Driving,2026,arXiv 2026（预印本）,预印本,https://arxiv.org/abs/2607.29031,2607.29031,,S02-0037,视觉&视频世界模型,1,singleton,candidate_singleton
PF-S05-0147,AutoTrialGen: Automated Data Generation From Few Human Demonstrations via Trajectory Annotation and Simulation Trials,2026,IEEE RA‑L,已发表,https://ieeexplore.ieee.org/abstract/document/11457587,,,S05-0147,数据&模拟&跨本体,1,singleton,candidate_singleton
PF-S07-0187,Avoid Everything: Model-Free Collision Avoidance with Expert-Guided Fine-Tuning,2024,OpenReview,预印本/公开稿,https://openreview.net/forum?id=ccxDydaAs1,,,S07-0187,评估&安全&Benchmark,1,singleton,candidate_singleton
PF-S07-0156,BAKU: An Efficient Transformer for Multi-Task Policy Learning,2024,arXiv,预印本/公开稿,https://arxiv.org/abs/2406.07539,2406.07539,,S07-0156,评估&安全&Benchmark,1,singleton,candidate_singleton
PF-S07-0137,BC-Z: Zero-Shot Task Generalization with Robotic Imitation Learning,2022,arXiv,预印本/公开稿,https://arxiv.org/abs/2202.02005,2202.02005,,S07-0137,评估&安全&Benchmark,1,singleton,candidate_singleton
PF-S07-0237,BDD100K: A Diverse Driving Dataset for Heterogeneous Multitask Learning,2020,arXiv,预印本/公开稿,https://arxiv.org/abs/1805.04687,1805.04687,,S07-0237,评估&安全&Benchmark,1,singleton,candidate_singleton
PF-S07-0095,"BEHAVIOR-1K: A Benchmark for Embodied AI with 1,000 Everyday Activities",2022,arXiv,预印本/公开稿,https://arxiv.org/abs/2206.11251,2206.11251,,S07-0095,评估&安全&Benchmark,1,singleton,candidate_singleton
PF-S07-0125,"BEHAVIOR-1K: A Benchmark for Embodied AI with 1,000 Everyday Activities and Realistic Simulation",2024,arXiv,预印本/公开稿,https://arxiv.org/abs/2403.09227,2403.09227,,S07-0125,评估&安全&Benchmark,1,singleton,candidate_singleton
PF-S02-0023,Behavior Generation with Latent Actions (VQ-BeT),2024,ICML 2024,正式会议,https://arxiv.org/abs/2403.03181,2403.03181,,S02-0023,视觉&视频世界模型,1,singleton,candidate_singleton
PF-S05-0024,Being-H0.5: Scaling Human-Centric Robot Learning for Cross-Embodiment Generalization,2026,arXiv预印本（cs.RO）,预印本（2026-01-19）,https://arxiv.org/abs/2601.12993,2601.12993,,S05-0024,数据&模拟&跨本体,1,singleton,candidate_singleton
PF-S06-0171,Being-H0.7: A Latent World-Action Model from Egocentric Videos,2026,arXiv preprint (cs.RO; cs.CV; cs.LG)，2026-04-30 提交（v1）。【证据：首页】,预印本，未注明会议。【证据：首页】,https://arxiv.org/abs/2605.00078,2605.00078,,S06-0171,世界模型&VLA&规划,1,singleton,candidate_singleton
PF-S07-0244,Bench2Drive: Towards Multi-Ability Benchmarking of Closed-Loop Autonomous Driving,2024,arXiv,预印本/公开稿,https://arxiv.org/abs/2406.03877,2406.03877,,S07-0244,评估&安全&Benchmark,1,singleton,candidate_singleton
PF-S07-0005,Benchmarking neural network robustness to common corruptions and perturbations,2019,International Conference on Learning Representations,期刊/正式出版,,,,S07-0005,评估&安全&Benchmark,1,singleton,candidate_singleton
PF-S07-0084,Benchmarking Safe Exploration in Deep Reinforcement Learning,2019,arXiv,预印本/公开稿,https://arxiv.org/abs/1910.01708,1910.01708,,S07-0084,评估&安全&Benchmark,1,singleton,candidate_singleton
PF-S07-0072,Benchmarking Single-Factor Physical Video-to-Audio Generation,2026,CVPR 2026,正式论文来源,https://openaccess.thecvf.com/content/CVPR2026/html/Li_Benchmarking_Single-Factor_Physical_Video-to-Audio_Generation_CVPR_2026_paper.html,,,S07-0072,评估&安全&Benchmark,1,singleton,candidate_singleton
PF-S06-0098,Beyond Instance Slots: Semantically Rich World Models for Physical Interaction Planning,2026,arXiv:2608.22294,arXiv 预印本,https://arxiv.org/abs/2608.22294,2608.22294,,S06-0098,世界模型&VLA&规划,1,singleton,candidate_singleton
PF-S07-0008,Beyond the nav-graph: Vision-and-language navigation in continuous environments,2020,European Conference on Computer Vision,期刊/正式出版,,,,S07-0008,评估&安全&Benchmark,1,singleton,candidate_singleton
PF-S07-0071,Black Swan: Abductive and Defeasible Video Reasoning in Unpredictable Events,2025,CVPR 2025,正式论文来源,https://openaccess.thecvf.com/content/CVPR2025/html/Chinchure_Black_Swan_Abductive_and_Defeasible_Video_Reasoning_in_Unpredictable_Events_CVPR_2025_paper.html,,,S07-0071,评估&安全&Benchmark,1,singleton,candidate_singleton
PF-S05-0007,Brax: A differentiable physics engine for large scale rigid body simulation,2021,NeurIPS datasets and benchmarks track,正式会议论文,https://arxiv.org/abs/2106.13281,2106.13281,,S05-0007,数据&模拟&跨本体,1,singleton,candidate_singleton
PF-S05-0008,Bridge data: Boosting generalization of robotic skills with cross-domain datasets,2021,Robotics: Science and Systems Workshop,Workshop/非正式版本,https://arxiv.org/abs/2109.13396,2109.13396,,S05-0008,数据&模拟&跨本体,1,singleton,candidate_singleton
PF-S06-0163,Bridge-WA: Predicting Where and How the World Changes for Robotic Action,2026,arXiv 预印本，2026。【证据：首页】,预印本，未注明会议。【证据：首页】,https://arxiv.org/abs/2607.02195,2607.02195,,S06-0163,世界模型&VLA&规划,1,singleton,candidate_singleton
PF-S05-0012,BridgeData V2: A dataset for robot learning at scale,2023,Conference on Robot Learning,期刊/正式出版,https://proceedings.mlr.press/v229/walke23a/walke23a.pdf,,,S05-0012 | S07-0204,数据&模拟&跨本体 | 评估&安全&Benchmark,2,normalized_title,deterministic_identity
PF-S05-0120,Bridging the Embodiment Gap: Disentangled Cross‑Embodiment Video Editing,2026,arXiv 预印本,预印本,https://arxiv.org/abs/2605.03637,2605.03637,,S05-0120,数据&模拟&跨本体,1,singleton,candidate_singleton
PF-S07-0013,CALVIN: A Benchmark for Language-Conditioned Policy Learning for Long-Horizon Robot Manipulation Tasks,2022,arXiv,预印本/公开稿,https://doi.org/10.1109/LRA.2022.3180108,,10.1109/LRA.2022.3180108,S07-0013,评估&安全&Benchmark,1,singleton,candidate_singleton
PF-S07-0006,Can you trust your model’s uncertainty? Evaluating predictive uncertainty under dataset shift,2019,Advances in neural information processing systems,正式会议论文,,,,S07-0006,评估&安全&Benchmark,1,singleton,candidate_singleton
PF-S07-0229,CARLA: An Open Urban Driving Simulator,2017,arXiv,预印本/公开稿,https://arxiv.org/abs/1711.03938,1711.03938,,S07-0229,评估&安全&Benchmark,1,singleton,candidate_singleton
PF-S07-0086,CATER: A Diagnostic Dataset for Compositional Actions and Temporal Reasoning,2020,arXiv,预印本/公开稿,https://arxiv.org/abs/1910.04744,1910.04744,,S07-0086,评估&安全&Benchmark,1,singleton,candidate_singleton
PF-S04-0030,CausalWorld: A Robotic Manipulation Benchmark for Causal Structure and Transfer Learning,2021,International Conference on Learning Representations (ICLR 2021),正式会议论文,https://arxiv.org/abs/2010.04296,2010.04296,,S04-0030 | S07-0091,结构化物理&多模态 | 评估&安全&Benchmark,2,arxiv_id,deterministic_identity
PF-S05-0106,CEI: A Unified Interface for Cross‑Embodiment Visuomotor Policy Learning in 3D Space,2026,IEEE RA‑L,已发表,https://ieeexplore.ieee.org/document/11361084,,,S05-0106,数据&模拟&跨本体,1,singleton,candidate_singleton
PF-S07-0068,Chain of World: World Model Thinking in Latent Motion,2026,CVPR 2026,正式论文来源,https://openaccess.thecvf.com/content/CVPR2026/html/Yang_Chain_of_World_World_Model_Thinking_in_Latent_Motion_CVPR_2026_paper.html,,,S07-0068,评估&安全&Benchmark,1,singleton,candidate_singleton
PF-S06-0088,ChronoDreamer: Action-Conditioned World Model as an Online Simulator for Robotic Planning,2026,arXiv 预印本。【证据：PDF】,预印本（2025）。【证据：PDF】,https://arxiv.org/abs/2512.18619,2512.18619,,S06-0088,世界模型&VLA&规划,1,singleton,candidate_singleton
PF-S03-0029,CLAM: Continuous Latent Action Models for Robot Learning from Unlabeled Demonstrations,2025,IROS 2026,已接收（IROS 2026）,https://arxiv.org/abs/2505.04999,2505.04999,,S03-0029,Latent&预测表示,1,singleton,candidate_singleton
PF-S05-0060,CLAP: Cross-Embodiment Video World Models are Zero-Shot Physical Simulators,2026,"S. Ahn, S. Yoon, H. Jung, J. Seo, S. Hong, et al.",已接收待发表,https://arxiv.org/abs/2608.27406,2608.27406,,S05-0060 | S06-0093,世界模型&VLA&规划 | 数据&模拟&跨本体,2,arxiv_id,deterministic_identity
PF-S04-0029,CLEVRER: CoLlision Events for Video REpresentation and Reasoning,2020,International Conference on Learning Representations (ICLR 2020),正式会议论文,https://arxiv.org/abs/1910.01442,1910.01442,,S04-0029 | S07-0085,结构化物理&多模态 | 评估&安全&Benchmark,2,arxiv_id,deterministic_identity
PF-S06-0004,CLIPort: What and where pathways for robotic manipulation,2022,Conference on robot learning,正式会议论文,https://proceedings.mlr.press/v164/shridhar22a/shridhar22a.pdf,,,S06-0004,世界模型&VLA&规划,1,singleton,candidate_singleton
PF-S06-0007,Code as policies: Language model programs for embodied control,2023,IEEE international conference on robotics and automation,正式会议论文,https://ieeexplore.ieee.org/stamp/stamp.jsp?tp=&arnumber=10160591&origin_source=search&origin_method=searchbar,,,S06-0007,世界模型&VLA&规划,1,singleton,candidate_singleton
PF-S03-0019,CoLA-World: Co-Evolving Latent Action World Models,2025,arXiv,预印本（arXiv:2510.26433）,https://arxiv.org/abs/2510.26433,2510.26433,,S03-0019,Latent&预测表示,1,singleton,candidate_singleton
PF-S01-0046,COMBO: Conservative Offline Model-Based Policy Optimization,2021,NeurIPS 2021 / arXiv,已发表会议论文,https://arxiv.org/abs/2102.08363,2102.08363,,S01-0046 | S07-0094,世界模型基础&控制 | 评估&安全&Benchmark,2,arxiv_id,deterministic_identity
PF-S07-0003,Concrete problems in AI safety,2016,arXiv preprint arXiv:1606.06565,预印本/公开稿,,,,S07-0003,评估&安全&Benchmark,1,singleton,candidate_singleton
PF-S04-0024,Conditional Object-Centric Learning from Video,2022,International Conference on Learning Representations (ICLR 2022),正式会议论文,https://arxiv.org/abs/2111.12594,2111.12594,,S04-0024,结构化物理&多模态,1,singleton,candidate_singleton
PF-S07-0016,Conformal prediction: A gentle introduction,2023,Foundations and Trends in Machine Learning,期刊/正式出版,,,,S07-0016,评估&安全&Benchmark,1,singleton,candidate_singleton
PF-S03-0016,Connecting Joint-Embedding Predictive Architecture with Contrastive Self-supervised Learning (C-JEPA),2024,NeurIPS 2024,已发表（NeurIPS 2024）,https://papers.nips.cc/paper_files/paper/2024/hash/04a80267ad46fc730011f8760f265054-Paper-Conference.pdf,,,S03-0016,Latent&预测表示,1,singleton,candidate_singleton
PF-S07-0075,Constrained Policy Optimization,2017,proceedings.mlr.press,来源待核验,https://proceedings.mlr.press/v70/achiam17a.html,,,S07-0075,评估&安全&Benchmark,1,singleton,candidate_singleton
PF-S06-0026,Constraint-aware zero-shot vision-language navigation in continuous environments,2025,IEEE Transactions on Pattern Analysis and Machine Intelligence,期刊/正式出版,https://ieeexplore.ieee.org/document/11106272,,,S06-0026,世界模型&VLA&规划,1,singleton,candidate_singleton
PF-S06-0119,ContactWorld: What Representations Matter for Vision-Tactile Latent World Models in Contact-Rich Manipulation,2026,arXiv预印本（cs.RO）,预印本（v3: 2026-09-24；未见正式同行评审信息）,https://arxiv.org/abs/2606.13877v3,2606.13877,,S06-0119,世界模型&VLA&规划,1,singleton,candidate_singleton
PF-S03-0002,Contrastive learning of structured world models,2020,"International Conference on Learning Representations (ICLR 2020, Oral)",正式会议论文（Oral）,https://arxiv.org/abs/1911.12247,1911.12247,,S03-0002 | S04-0022,Latent&预测表示 | 结构化物理&多模态,2,normalized_title,deterministic_identity
PF-S03-0068,Contrastive Representation Regularization for Vision-Language-Action Models,2026,ICML 2026,已接收（ICML 2026）,https://arxiv.org/abs/2510.01711,2510.01711,,S03-0068,Latent&预测表示,1,singleton,candidate_singleton
PF-S02-0051,Contrastive Representations for Temporal Reasoning (CRTR),2025,NeurIPS 2025,正式会议论文,https://proceedings.neurips.cc/paper_files/paper/2025/hash/9d75de47462ffe77addaa7b985fc6d8e-Abstract-Conference.html,,,S02-0051,视觉&视频世界模型,1,singleton,candidate_singleton
PF-S05-0095,Cosmos-Predict2.5: World Simulation with Video Foundation Models,2025,arXiv 2025,arXiv预印本,https://arxiv.org/abs/2511.00062,2511.00062,,S05-0095,数据&模拟&跨本体,1,singleton,candidate_singleton
PF-S01-0097,Cosmos World Foundation Model Platform for Physical AI,2025,arXiv / NVIDIA Research,技术报告/开放模型平台,https://arxiv.org/abs/2501.03575,2501.03575,,S01-0097 | S02-0005 | S05-0092 | S07-0121,世界模型基础&控制 | 数据&模拟&跨本体 | 视觉&视频世界模型 | 评估&安全&Benchmark,4,arxiv_id,deterministic_identity
PF-S05-0153,CRAFT: Video Diffusion for Bimanual Robot Data Generation,2026,arXiv 预印本,预印本,https://arxiv.org/abs/2604.03552,2604.03552,,S05-0153,数据&模拟&跨本体,1,singleton,candidate_singleton
PF-S05-0111,Cross‑Embodiment Imitation: Learning a Unified Latent Space for Multirobot Control,2026,IEEE Xplore,已发表,https://ieeexplore.ieee.org/abstract/document/11397669,,,S05-0111,数据&模拟&跨本体,1,singleton,candidate_singleton
PF-S05-0109,Cross-Embodiment Offline Reinforcement Learning for Heterogeneous Robot Datasets,2026,ICLR 2026,已发表,https://arxiv.org/abs/2602.18025,2602.18025,,S05-0109,数据&模拟&跨本体,1,singleton,manual_identity_review
PF-S05-0112,Cross‑Embodiment Robot Foundation World Models with Latent Actions (LAC‑WM),2026,OpenReview 预印本,预印本,https://openreview.net/pdf?id=S30Y1sBz34,,,S05-0112,数据&模拟&跨本体,1,singleton,candidate_singleton
PF-S03-0065,Cross-Embodiment Robot Manipulation Skill Transfer using Latent Space Alignment,2024,arXiv,预印本（arXiv:2406.01968）,https://arxiv.org/abs/2406.01968,2406.01968,,S03-0065,Latent&预测表示,1,singleton,candidate_singleton
PF-S05-0053,Cross-Embodiment Robot Manipulation via a Unified Hand Action Space (UHAS),2026,IEEE Robotics and Automation Letters (RA‑L),已接收待发表,https://arxiv.org/abs/2607.03570,2607.03570,,S05-0053,数据&模拟&跨本体,1,singleton,candidate_singleton
PF-S05-0127,Cross-Embodiment Robotic Manipulation Synthesis via Guided Demonstrations through CycleVAE and Human Behavior Transformer,2025,IROS 2025,已发表,https://arxiv.org/abs/2503.08622,2503.08622,,S05-0127 | S05-0193,数据&模拟&跨本体,2,arxiv_id,manual_identity_review
PF-S05-0123,Cross-Hand Latent Representation for Vision-Language-Action Models,2026,arXiv 预印本,预印本,https://arxiv.org/abs/2603.10158,2603.10158,,S05-0123 | S05-0192,数据&模拟&跨本体,2,arxiv_id,manual_identity_review
PF-S05-0159,Cross‑Sim‑to‑Real: Mitigating Embodiment Shift via Adaptive Domain Randomization Calibration,2025,arXiv preprint,Pending verification; original link rejected,,,,S05-0159,数据&模拟&跨本体,1,singleton,metadata_corrected + candidate_singleton
PF-S03-0044,Ctrl-World: A Controllable Generative World Model for Robot Manipulation,2025,arXiv,预印本（arXiv:2510.10125）,https://arxiv.org/abs/2510.10125,2510.10125,,S03-0044 | S06-0133,Latent&预测表示 | 世界模型&VLA&规划,2,normalized_title,deterministic_identity
PF-S07-0100,D4RL: Datasets for Deep Data-Driven Reinforcement Learning,2020,arXiv,预印本/公开稿,https://arxiv.org/abs/2004.07219,2004.07219,,S07-0100,评估&安全&Benchmark,1,singleton,candidate_singleton
PF-S05-0140,Data Scaling Laws in Imitation Learning for Robotic Manipulation,2025,ICLR 2025,会议正式出版,https://arxiv.org/abs/2410.18647,2410.18647,,S05-0140,数据&模拟&跨本体,1,singleton,candidate_singleton
PF-S01-0015,DayDreamer: World Models for Physical Robot Learning,2022,CoRL 2022 / arXiv,已发表会议论文,https://arxiv.org/abs/2206.14176,2206.14176,,S01-0015 | S05-0090 | S06-0041 | S07-0097,世界模型&VLA&规划 | 世界模型基础&控制 | 数据&模拟&跨本体 | 评估&安全&Benchmark,4,arxiv_id,deterministic_identity
PF-S02-0040,DDP-WM: Disentangled Dynamics Prediction for Efficient World Models,2026,arXiv 2026（v4 2026-03）,预印本,https://arxiv.org/abs/2602.01780,2602.01780,,S02-0040,视觉&视频世界模型,1,singleton,candidate_singleton
PF-S01-0090,Decision Transformer: Reinforcement Learning via Sequence Modeling,2021,NeurIPS 2021,已发表会议论文,https://arxiv.org/abs/2106.01345,2106.01345,,S01-0090,世界模型基础&控制,1,singleton,candidate_singleton
PF-S01-0085,Deep Lagrangian Networks: Using Physics as Model Prior for Deep Learning,2019,ICLR 2019 / arXiv,已发表会议论文,https://arxiv.org/abs/1907.04490,1907.04490,,S01-0085 | S04-0018,世界模型基础&控制 | 结构化物理&多模态,2,arxiv_id,deterministic_identity
PF-S01-0081,Deep Learning for Universal Linear Embeddings of Nonlinear Dynamics,2018,Nature Communications 2018,已发表期刊论文,https://arxiv.org/abs/1712.09707,1712.09707,,S01-0081,世界模型基础&控制,1,singleton,candidate_singleton
PF-S07-0219,Deep Predictive Coding Networks for Video Prediction,2016,arXiv,预印本/公开稿,https://arxiv.org/abs/1605.08104,1605.08104,,S07-0219,评估&安全&Benchmark,1,singleton,candidate_singleton
PF-S01-0003,Deep Reinforcement Learning in a Handful of Trials using Probabilistic Dynamics Models,2018,NeurIPS 2018,已发表会议论文,https://arxiv.org/abs/1805.12114,1805.12114,,S01-0003 | S07-0078,世界模型基础&控制 | 评估&安全&Benchmark,2,arxiv_id,deterministic_identity
PF-S01-0039,Deep Variational Bayes Filters: Unsupervised Learning of State Space Models from Raw Data,2017,ICLR 2017 / arXiv,已发表会议论文,https://arxiv.org/abs/1605.06432,1605.06432,,S01-0039,世界模型基础&控制,1,singleton,candidate_singleton
PF-S01-0040,DeepMDP: Learning Continuous Latent Space Models for Representation Learning,2019,ICML 2019 / PMLR,已发表会议论文,https://proceedings.mlr.press/v97/gelada19a.html,,,S01-0040,世界模型基础&控制,1,singleton,candidate_singleton
PF-S07-0194,DeepMind Control Suite,2018,arXiv,预印本/公开稿,https://arxiv.org/abs/1801.00690,1801.00690,,S07-0194,评估&安全&Benchmark,1,singleton,candidate_singleton
PF-S07-0240,DeepMind Lab: A 3D Environment for Agent-Based AI Research,2016,arXiv,预印本/公开稿,https://arxiv.org/abs/1612.03801,1612.03801,,S07-0240,评估&安全&Benchmark,1,singleton,candidate_singleton
PF-S07-0174,"DEMO3: Multi-Stage Manipulation with Demonstration-Augmented Reward, Policy, and World Model Learning",2025,OpenReview,预印本/公开稿,https://openreview.net/forum?id=Bv7LUUYOiq,,,S07-0174,评估&安全&Benchmark,1,singleton,candidate_singleton
PF-S02-0055,Denoising with a Joint-Embedding Predictive Architecture (D-JEPA),2024,arXiv 2024（v2 2025）,预印本,https://arxiv.org/abs/2410.03755,2410.03755,,S02-0055,视觉&视频世界模型,1,singleton,candidate_singleton
PF-S03-0023,Desegregation of neuronal predictive processing,2024,bioRxiv,预印本（bioRxiv 2024.08.05.606684）,https://www.biorxiv.org/content/10.1101/2024.08.05.606684v1,,,S03-0023,Latent&预测表示,1,singleton,candidate_singleton
PF-S05-0149,DexFlyWheel: A Scalable and Self‑improving Data Generation Framework for Dexterous Manipulation,2025,NeurIPS 2025,已发表,https://proceedings.neurips.cc/paper_files/paper/2025/file/066c5542795287822f4f076cf330e5a2‑Paper‑Conference.pdf,,,S05-0149,数据&模拟&跨本体,1,singleton,candidate_singleton
PF-S05-0044,DexImit: Learning Bimanual Dexterous Manipulation from Monocular Human Videos,2026,IEEE/RSJ International Conference on Intelligent Robots and Systems (IROS 2026),已接收待发表,https://arxiv.org/abs/2602.10105,2602.10105,,S05-0044,数据&模拟&跨本体,1,singleton,candidate_singleton
PF-S05-0103,DexMimicGen: Automated Data Generation for Bimanual Dexterous Manipulation via IL,2024,ICRA 2025,会议已接收,https://arxiv.org/abs/2410.24185,2410.24185,,S05-0103,数据&模拟&跨本体,1,singleton,candidate_singleton
PF-S05-0101,DexMV: Imitation Learning for Dexterous Manipulation from Human Videos,2021,RA-L 2022,期刊,https://arxiv.org/abs/2108.05877,2108.05877,,S05-0101,数据&模拟&跨本体,1,singleton,candidate_singleton
PF-S06-0051,DIAL: Decoupling Intent and Action via Latent World Modeling for End-to-End VLA,2026,arXiv:2603.29844（预印本）,预印本,https://arxiv.org/abs/2603.29844,2603.29844,,S06-0051,世界模型&VLA&规划,1,singleton,candidate_singleton
PF-S01-0078,Differentiable MPC for End-to-end Planning and Control,2018,NeurIPS 2018,已发表会议论文,https://arxiv.org/abs/1810.13400,1810.13400,,S01-0078,世界模型基础&控制,1,singleton,candidate_singleton
PF-S01-0087,DiffTaichi: Differentiable Programming for Physical Simulation,2020,ICLR 2020,已发表会议论文,https://arxiv.org/abs/1910.00935,1910.00935,,S01-0087 | S05-0069,世界模型基础&控制 | 数据&模拟&跨本体,2,arxiv_id,deterministic_identity
PF-S01-0013,Diffuser: Planning with Diffusion for Flexible Behavior Synthesis,2022,ICML 2022 / PMLR / arXiv,已发表会议论文,https://arxiv.org/abs/2205.09991,2205.09991,,S01-0013 | S01-0060,世界模型基础&控制,2,manual_merge,manual_identity_review
PF-S01-0093,Diffusion for World Modeling: Visual Details Matter in Atari,2024,NeurIPS 2024 Spotlight,已发表会议论文,https://arxiv.org/abs/2405.12399,2405.12399,,S01-0093 | S02-0011,世界模型基础&控制 | 视觉&视频世界模型,2,arxiv_id,manual_identity_review
PF-S01-0092,Diffusion Forcing: Next-token Prediction Meets Full-Sequence Diffusion,2024,NeurIPS 2024,已发表会议论文,https://arxiv.org/abs/2407.01392,2407.01392,,S01-0092,世界模型基础&控制,1,singleton,candidate_singleton
PF-S02-0014,Diffusion Models Are Real-Time Game Engines,2024,ICLR 2025,正式会议,https://arxiv.org/abs/2408.14837,2408.14837,,S02-0014 | S07-0128,视觉&视频世界模型 | 评估&安全&Benchmark,2,arxiv_id,manual_identity_review
PF-S01-0055,Diffusion Policy: Visuomotor Policy Learning via Action Diffusion,2023,ICLR 2023 / IJRR 2025 / arXiv,已发表会议论文,https://arxiv.org/abs/2303.04137,2303.04137,,S01-0055 | S06-0008 | S07-0139,世界模型&VLA&规划 | 世界模型基础&控制 | 评估&安全&Benchmark,3,arxiv_id + normalized_title,deterministic_identity
PF-S05-0077,DiffXPBD: Differentiable Position-Based Simulation,2023,SIGGRAPH 2023,会议已接收,https://arxiv.org/abs/2301.01396,2301.01396,,S05-0077,数据&模拟&跨本体,1,singleton,candidate_singleton
PF-S04-0006,DIGIT: A novel design for a low-cost compact high-resolution tactile sensor with application to in-hand manipulation,2020,IEEE Robotics and Automation Letters,期刊/正式出版,https://doi.org/10.1109/LRA.2020.2977257,,10.1109/LRA.2020.2977257,S04-0006,结构化物理&多模态,1,singleton,candidate_singleton
PF-S02-0056,DINO-WM: World Models on Pre-trained Visual Features enable Zero-shot Planning,2025,,正式会议论文,https://proceedings.mlr.press/v267/zhou25t.html,2411.04983,,S02-0056 | S03-0008,Latent&预测表示 | 视觉&视频世界模型,2,normalized_title,deterministic_identity
PF-S03-0006,DINOv2: Learning robust visual features without supervision,2024,Transactions on Machine Learning Research,期刊/正式出版,,,,S03-0006,Latent&预测表示,1,singleton,candidate_singleton
PF-S02-0052,Disentangled World Models: Learning to Transfer Semantic Knowledge from Distracting Videos for RL (DisWM),2025,ICCV 2025,正式会议论文,https://arxiv.org/abs/2503.08751,2503.08751,,S02-0052,视觉&视频世界模型,1,singleton,candidate_singleton
PF-S03-0050,Disentanglement with Factor Quantized Variational Autoencoders (FactorQVAE),2024,Neurocomputing 2024,已发表（Neurocomputing 2024）,https://arxiv.org/abs/2409.14851,2409.14851,,S03-0050,Latent&预测表示,1,singleton,candidate_singleton
PF-S06-0078,DiWA: Diffusion Policy Adaptation with World Models,2025,Conference on Robot Learning (CoRL) 2025,已发表（PMLR Proceedings）,https://arxiv.org/abs/2508.03645,2508.03645,,S06-0078,世界模型&VLA&规划,1,singleton,candidate_singleton
PF-S06-0081,DMWM: Dual-Mind World Model with Long-Term Imagination,2025,NeurIPS 2025 (Spotlight Poster),已发表（NeurIPS Proceedings）,https://proceedings.neurips.cc/paper_files/paper/2025/file/078bc5d384e8d3894f7bce6a34756212-Paper-Conference.pdf,,,S06-0081,世界模型&VLA&规划,1,singleton,candidate_singleton
PF-S06-0005,"Do as i can, not as i say: Grounding language in robotic affordances",2022,Conference on robot learning,正式会议论文,https://arxiv.org/abs/2204.01691,2204.01691,,S06-0005,世界模型&VLA&规划,1,singleton,candidate_singleton
PF-S07-0034,Do Generative Video Models Understand Physical Principles?,2026,WACV 2026,正式论文来源,https://openaccess.thecvf.com/content/WACV2026/html/Motamed_Do_Generative_Video_Models_Understand_Physical_Principles_WACV_2026_paper.html,,,S07-0034,评估&安全&Benchmark,1,singleton,candidate_singleton
PF-S05-0072,Dojo: A Differentiable Physics Engine for Robotics,2022,CoRL 2022,会议已接收,https://arxiv.org/abs/2203.00806,2203.00806,,S05-0072,数据&模拟&跨本体,1,singleton,candidate_singleton
PF-S06-0101,Dream-MPC: Gradient-Based Model Predictive Control with Latent Imagination,2026,arXiv:2605.04568,arXiv 预印本,https://arxiv.org/abs/2605.04568,2605.04568,,S06-0101,世界模型&VLA&规划,1,singleton,candidate_singleton
PF-S06-0116,Dream-Tac: A Unified Tactile World Action Model for Contact-Rich Robot Manipulation,2026,arXiv 预印本，2026。【证据：首页】,预印本，未注明会议。【证据：首页】,https://arxiv.org/abs/2606.08737,2606.08737,,S06-0116,世界模型&VLA&规划,1,singleton,candidate_singleton
PF-S01-0008,Dream to Control: Learning Behaviors by Latent Imagination,2020,ICLR 2020 / arXiv,已发表会议论文,https://arxiv.org/abs/1912.01603,1912.01603,,S01-0008 | S02-0031 | S03-0036 | S07-0087,Latent&预测表示 | 世界模型基础&控制 | 视觉&视频世界模型 | 评估&安全&Benchmark,4,arxiv_id,manual_identity_review
PF-S05-0061,DreamDojo: A Generalist Robot World Model from Large-Scale Human Videos,2026,IEEE/CVF Conference on Computer Vision and Pattern Recognition (CVPR 2026),已接收待发表,https://arxiv.org/abs/2602.06949,2602.06949,,S05-0061 | S06-0143,世界模型&VLA&规划 | 数据&模拟&跨本体,2,arxiv_id,deterministic_identity
PF-S02-0002,Dreamer 4: Scalable World Models,2025,arXiv预印本,预印本,https://arxiv.org/abs/2509.24527,2509.24527,,S02-0002,视觉&视频世界模型,1,singleton,candidate_singleton
PF-S02-0039,Dreamer-CDP: Improving Reconstruction-free World Models Via Continuous Deterministic Representation Prediction,2026,arXiv 2026（预印本）,预印本,https://arxiv.org/abs/2603.07083,2603.07083,,S02-0039,视觉&视频世界模型,1,singleton,candidate_singleton
PF-S06-0135,DreamerNav: Learning-based Autonomous Navigation in Dynamic Indoor Environments using World Models,2025,Frontiers in Robotics and AI,已发表（2025-09-26）,https://www.frontiersin.org/journals/robotics-and-ai/articles/10.3389/frobt.2025.1655171/full,,,S06-0135,世界模型&VLA&规划,1,singleton,candidate_singleton
PF-S05-0097,DREAMGEN: Unlocking Generalization in Robot Learning through Video World Models,2025,arXiv 2025,arXiv预印本,https://arxiv.org/abs/2505.12705,2505.12705,,S05-0097,数据&模拟&跨本体,1,singleton,candidate_singleton
PF-S02-0057,Dreaming of Many Worlds: Learning Contextual World Models Aids Zero-Shot Generalization (cRSSM),2024,RLC 2024,正式会议论文,https://arxiv.org/abs/2403.10967,2403.10967,,S02-0057,视觉&视频世界模型,1,singleton,candidate_singleton
PF-S05-0086,Dreamitate: Real-World Visuomotor Policy Learning via Video Generation,2024,arXiv 2024,arXiv预印本,https://arxiv.org/abs/2406.16862,2406.16862,,S05-0086,数据&模拟&跨本体,1,singleton,candidate_singleton
PF-S06-0054,DreamVLA: A Vision-Language-Action Model Dreamed with Comprehensive World Knowledge,2026,NeurIPS 2025（据 Semantic Scholar/arXiv 同题论文；proceedings PDF 直链 fetch 失败）。【证据：搜索结果；arXiv:2507.04447v3】,已正式发表（NeurIPS 2025；arXiv v3 2025-08）。【证据：Semantic Scholar；PDF 页眉】,https://proceedings.neurips.cc/paper_files/paper/2025/file/22d4f952efa13970f0b1ffb22170d416-Paper-Conference.pdf,,,S06-0054,世界模型&VLA&规划,1,singleton,candidate_singleton
PF-S02-0020,DriveDreamer-2: Bridging Vision-Language Models and Driving Video Generation,2024,AAAI 2025,正式会议,https://arxiv.org/abs/2403.06845,2403.06845,,S02-0020,视觉&视频世界模型,1,singleton,candidate_singleton
PF-S01-0034,DriveDreamer: Towards Real-world-driven World Models for Autonomous Driving,2023,ECCV 2024 / arXiv,已发表会议论文（ECCV 2024）,https://arxiv.org/abs/2309.09777,2309.09777,,S01-0034 | S07-0114,世界模型基础&控制 | 评估&安全&Benchmark,2,arxiv_id,deterministic_identity
PF-S03-0035,DriveFuture: Future-Aware Latent World Models for Autonomous Driving,2026,arXiv,预印本（arXiv:2605.09701）,https://arxiv.org/abs/2605.09701,2605.09701,,S03-0035,Latent&预测表示,1,singleton,candidate_singleton
PF-S06-0136,DriveVLA-W0: World Models Amplify Data Scaling Law in Autonomous Driving,2026,International Conference on Learning Representations (ICLR) 2026,已发表（ICLR 2026）,https://proceedings.iclr.cc/paper_files/paper/2026/file/0d70423f59c5fdd24f0dd3fa52e34623-Paper-Conference.pdf,,,S06-0136,世界模型&VLA&规划,1,singleton,candidate_singleton
PF-S07-0120,Driving in the Occupancy World: Vision-Centric 4D Occupancy Forecasting and Planning via World Models for Autonomous Driving,2025,AAAI 2025,正式会议论文,https://ojs.aaai.org/index.php/AAAI/article/view/33010,,,S07-0120,评估&安全&Benchmark,1,singleton,candidate_singleton
PF-S01-0051,Driving into the Future: Multiview Visual Forecasting and Planning with World Model for Autonomous Driving,2024,CVPR 2024,正式会议,https://openaccess.thecvf.com/content/CVPR2024/html/Wang_Driving_into_the_Future_Multiview_Visual_Forecasting_and_Planning_with_CVPR_2024_paper.html,2311.17918,,S01-0051 | S02-0021,世界模型基础&控制 | 视觉&视频世界模型,2,manual_merge,manual_identity_review
PF-S07-0149,DrivingGen: A Comprehensive Benchmark for Generative Video World Models in Autonomous Driving,2026,arXiv,预印本/公开稿,https://arxiv.org/abs/2601.01528,2601.01528,,S07-0149,评估&安全&Benchmark,1,singleton,candidate_singleton
PF-S07-0148,DrivingWorld: Constructing World Model for Autonomous Driving via Video GPT,2024,arXiv,预印本/公开稿,https://arxiv.org/abs/2412.19505,2412.19505,,S07-0148,评估&安全&Benchmark,1,singleton,candidate_singleton
PF-S05-0014,DROID: A large-scale in-the-wild robot manipulation dataset,2024,Robotics: Science and Systems,期刊/正式出版,https://arxiv.org/abs/2403.12945,2403.12945,,S05-0014 | S07-0243,数据&模拟&跨本体 | 评估&安全&Benchmark,2,arxiv_id,deterministic_identity
PF-S07-0065,DrVideo: Document Retrieval Based Long Video Understanding,2025,CVPR 2025,正式论文来源,https://openaccess.thecvf.com/content/CVPR2025/html/Ma_DrVideo_Document_Retrieval_Based_Long_Video_Understanding_CVPR_2025_paper.html,,,S07-0065,评估&安全&Benchmark,1,singleton,candidate_singleton
PF-S06-0044,DSWAM: A Dual-System World Action Foundation Model for Fine-Grained Robot Manipulation,2026,arXiv preprint（arXiv:2607.04927v1；13 页）,arXiv preprint,https://arxiv.org/abs/2607.04927,2607.04927,,S06-0044,世界模型&VLA&规划,1,singleton,candidate_singleton
PF-S06-0095,DUET-DINO: Simultaneous Cross-View World Modeling for Latent Planning in Robot Manipulation,2026,arXiv:2609.10506,arXiv 预印本,https://arxiv.org/abs/2609.10506,2609.10506,,S06-0095,世界模型&VLA&规划,1,singleton,candidate_singleton
PF-S06-0063,DVG-WM: Disentangled Video Generation Enables Efficient Embodied World Model,2026,arXiv 预印本,预印本,https://arxiv.org/abs/2606.32028,2606.32028,,S06-0063,世界模型&VLA&规划,1,singleton,candidate_singleton
PF-S07-0252,dWorldEval: Scalable Robotic Policy Evaluation via Discrete Diffusion World Model,2026,arXiv,预印本/未发表,https://arxiv.org/abs/2604.22152,2604.22152,,S07-0252,评估&安全&Benchmark,1,singleton,candidate_singleton
PF-S01-0002,"Dyna, an integrated architecture for learning, planning, and reacting",1991,ACM SIGART Bulletin 2(4):160-163,已发表短论文,https://doi.org/10.1145/122344.122377,,10.1145/122344.122377,S01-0002,世界模型基础&控制,1,singleton,candidate_singleton
PF-S03-0021,Dynamic predictive coding: A model of hierarchical sequence learning and prediction in the neocortex,2024,PLOS Computational Biology,已发表（PLOS Comp Bio 2024）,https://journals.plos.org/ploscompbiol/article?id=10.1371/journal.pcbi.1011801,,,S03-0021,Latent&预测表示,1,singleton,candidate_singleton
PF-S02-0046,Dynamics-Aligned Latent Imagination in Contextual World Models for Zero-Shot Generalization,2025,NeurIPS 2025,正式会议论文,https://arxiv.org/abs/2508.20294,2508.20294,,S02-0046 | S03-0014,Latent&预测表示 | 视觉&视频世界模型,2,arxiv_id,manual_identity_review
PF-S05-0148,DynaMimicGen: A Data Generation Framework for Robot Learning of Dynamic Tasks,2025,IEEE RA‑L,已发表,https://arxiv.org/abs/2511.16223,2511.16223,,S05-0148,数据&模拟&跨本体,1,singleton,candidate_singleton
PF-S05-0036,DyPES-VLA: Learning Shared Dynamics Priors and Embodiment-Specific Control for Cross-Embodiment Manipulation,2026,IEEE/RSJ International Conference on Intelligent Robots and Systems (IROS 2026),已接收待发表,https://arxiv.org/abs/2608.06374,2608.06374,,S05-0036 | S06-0067,世界模型&VLA&规划 | 数据&模拟&跨本体,2,arxiv_id,deterministic_identity
PF-S06-0178,DyQ-VLA: Temporal-Dynamic-Aware Quantization for Embodied Vision-Language-Action Models,2026,arXiv 预印本（cs.RO）。【证据：PDF 页眉】,预印本（2026，未明确会议接收）。【证据：PDF】,https://arxiv.org/abs/2603.07904,2603.07904,,S06-0178,世界模型&VLA&规划,1,singleton,manual_identity_review
PF-S04-0020,E(n) Equivariant Graph Neural Networks,2021,Proceedings of the 38th International Conference on Machine Learning; PMLR 139:9323-9332,正式会议论文,https://arxiv.org/abs/2102.09844,2102.09844,,S04-0020,结构化物理&多模态,1,singleton,candidate_singleton
PF-S05-0038,EaDex: A Cross-Embodiment Dexterous Manipulation Framework from Low-Cost Demonstrations,2026,Conference on Robot Learning (CoRL 2026),已接收待发表,https://arxiv.org/abs/2606.03268,2606.03268,,S05-0038,数据&模拟&跨本体,1,singleton,candidate_singleton
PF-S06-0192,Earth System World Model for What-If Simulations,2026,ACM SIGSPATIAL '26（第34届 ACM 地理信息系统进展国际会议）。【证据：首页 ACM Reference Format】,会议论文（SIGSPATIAL 2026，5 页短文）。【证据：首页引用格式】,https://arxiv.org/abs/2609.08855,2609.08855,,S06-0192,世界模型&VLA&规划,1,singleton,candidate_singleton
PF-S05-0134,EBT‑Policy: Energy Unlocks Emergent Physical Reasoning Capabilities,2025,arXiv 预印本,预印本,https://arxiv.org/abs/2510.27545,2510.27545,,S05-0134,数据&模拟&跨本体,1,singleton,candidate_singleton
PF-S07-0060,ECBench: Can Multi-modal Foundation Models Understand the Egocentric World?,2025,CVPR 2025,正式论文来源,https://openaccess.thecvf.com/content/CVPR2025/html/Dang_ECBench_Can_Multi-modal_Foundation_Models_Understand_the_Egocentric_World_A_CVPR_2025_paper.html,,,S07-0060,评估&安全&Benchmark,1,singleton,candidate_singleton
PF-S02-0048,Efficient Image-Goal Navigation with Representative Latent World Model (ReL-NWM),2025,arXiv 2025（v2 2025-12）,预印本,https://arxiv.org/abs/2511.11011,2511.11011,,S02-0048,视觉&视频世界模型,1,singleton,candidate_singleton
PF-S05-0040,Ego-Exo4D: A Benchmark for Egocentric Video Understanding,2026,IEEE/CVF Conference on Computer Vision and Pattern Recognition (CVPR 2024),已发表,https://openaccess.thecvf.com/content/CVPR2024/papers/Grauman_Ego-Exo4D_Understanding_Skilled_Human_Activity_from_First-_and_Third-Person_Perspectives_CVPR_2024_paper.pdf,,,S05-0040,数据&模拟&跨本体,1,singleton,candidate_singleton
PF-S05-0015,Ego-Exo4D: Understanding skilled human activity from first- and third-person perspectives,2023,ego-exo4d-data.org,来源待核验,https://ego-exo4d-data.org/,,,S05-0015 | S07-0205,数据&模拟&跨本体 | 评估&安全&Benchmark,2,normalized_title,deterministic_identity
PF-S03-0056,Ego-Foresight: Self-supervised Learning of Agent-Aware Representations for Improved RL,2024,CoRL 2024,已发表（CoRL 2024）,https://arxiv.org/abs/2407.01570,2407.01570,,S03-0056,Latent&预测表示,1,singleton,candidate_singleton
PF-S05-0142,Ego2Robot: Scalable Robot Data Synthesis from Egocentric Human Data,2026,arXiv 预印本,预印本,https://arxiv.org/abs/2608.02580,2608.02580,,S05-0142,数据&模拟&跨本体,1,singleton,candidate_singleton
PF-S05-0010,"Ego4D: Around the world in 3,000 hours of egocentric video",2022,arXiv,预印本/公开稿,https://arxiv.org/abs/2110.07058,2110.07058,,S05-0010 | S07-0105,数据&模拟&跨本体 | 评估&安全&Benchmark,2,normalized_title,deterministic_identity
PF-S05-0023,EgoScale: Scaling Dexterous Manipulation with Diverse Egocentric Human Data,2026,CVPR 2026 Findings,已接收（CVPR 2026）,https://arxiv.org/abs/2602.16710,2602.16710,,S05-0023 | S06-0197,世界模型&VLA&规划 | 数据&模拟&跨本体,2,arxiv_id,manual_identity_review
PF-S01-0069,Embed to Control: A Locally Linear Latent Dynamics Model for Control from Raw Images,2015,NeurIPS 2015,已发表会议论文,https://arxiv.org/abs/1506.07365,1506.07365,,S01-0069,世界模型基础&控制,1,singleton,candidate_singleton
PF-S07-0210,Embodied Question Answering,2018,arXiv,预印本/公开稿,https://arxiv.org/abs/1712.03383,1712.03383,,S07-0210,评估&安全&Benchmark,1,singleton,candidate_singleton
PF-S06-0096,Embodied Tree of Thoughts: Deliberate Manipulation Planning With Embodied World Model,2026,arXiv:2512.08188（IEEE Xplore 已收录）,arXiv 预印本（IEEE 已收录）,https://ieeexplore.ieee.org/stamp/stamp.jsp?tp=&arnumber=11617299&origin_source=search&origin_method=searchbar,,,S06-0096,世界模型&VLA&规划,1,singleton,candidate_singleton
PF-S06-0089,EnerVerse-AC: Envisioning Embodied Environments with Action Condition,2026,arXiv:2505.09723,arXiv 预印本,https://arxiv.org/abs/2505.09723,2505.09723,,S06-0089,世界模型&VLA&规划,1,singleton,candidate_singleton
PF-S06-0065,Enhancing robotic manipulation via modeling temporal dependencies of historical actions and environmental effect,2026,Engineering Applications of Artificial Intelligence 182(2):115988,Formal journal article,https://doi.org/10.1016/j.engappai.2026.115988,,10.1016/j.engappai.2026.115988,S06-0065,世界模型&VLA&规划,1,singleton,metadata_corrected + candidate_singleton
PF-S05-0098,Eureka: Human-Level Reward Design via Coding Large Language Models,2023,ICLR 2024,会议已接收,https://arxiv.org/abs/2310.12931,2310.12931,,S05-0098,数据&模拟&跨本体,1,singleton,candidate_singleton
PF-S06-0104,EV-WM: Event-Verified World Models for Long-Horizon Robotic Manipulation,2026,arXiv:2606.13053,arXiv 预印本（Preprint）,https://arxiv.org/abs/2606.13053,2606.13053,,S06-0104 | S06-0105,世界模型&VLA&规划,2,arxiv_id,manual_identity_review
PF-S07-0169,Evaluating Gemini Robotics Policies in a Veo World Simulator,2025,arXiv,预印本/公开稿,https://arxiv.org/abs/2512.10675,2512.10675,,S07-0169,评估&安全&Benchmark,1,singleton,candidate_singleton
PF-S07-0168,Evaluating Robot Policies in a World Model,2025,arXiv,预印本/公开稿,https://arxiv.org/abs/2506.00613,2506.00613,,S07-0168,评估&安全&Benchmark,1,singleton,candidate_singleton
PF-S06-0034,EvolveNav: Empowering LLM-based vision-language navigation via self-improving embodied reasoning,2026,IEEE Transactions on Pattern Analysis and Machine Intelligence,期刊 Early Access,https://ieeexplore.ieee.org/document/11478375,,,S06-0034,世界模型&VLA&规划,1,singleton,candidate_singleton
PF-S07-0027,"EWMBench: Evaluating Scene, Motion, and Semantic Quality in Embodied World Models",2025,arXiv,预印本/公开稿,https://arxiv.org/abs/2505.09694,2505.09694,,S07-0027,评估&安全&Benchmark,1,singleton,candidate_singleton
PF-S05-0187,FADA: Few‑Shot Domain Adaptation via Dynamics Alignment for Humanoid Control,2026,arXiv preprint,预印本,https://arxiv.org/abs/2606.28476,2606.28476,,S05-0187,数据&模拟&跨本体,1,singleton,candidate_singleton
PF-S05-0030,FailSafe: Reasoning and Recovery from Failures in Vision-Language-Action Models,2025,arXiv预印本（cs.RO）,预印本（2025-10-01；v4: 2026-07-07）,https://arxiv.org/abs/2510.01642,2510.01642,,S05-0030,数据&模拟&跨本体,1,singleton,candidate_singleton
PF-S05-0071,Fast and Feature-Complete Differentiable Physics for Articulated Rigid Bodies (Nimble),2021,RSS 2022,会议已接收,https://arxiv.org/abs/2103.16021,2103.16021,,S05-0071,数据&模拟&跨本体,1,singleton,candidate_singleton
PF-S05-0074,Fast-Grasp'D: Dexterous Multi-finger Grasp Generation Through Differentiable Simulation,2023,ICCV 2023,会议已接收,https://arxiv.org/abs/2306.08132,2306.08132,,S05-0074,数据&模拟&跨本体,1,singleton,candidate_singleton
PF-S06-0161,Fast-WAM / Faster-WAM: Do World Action Models Need Deep Action Modules?,2026,arXiv 预印本（ICLR-style 排版），2026。【证据：首页】,预印本，未确认会议。【证据：首页】,https://arxiv.org/abs/2608.02365,2608.02365,,S06-0161,世界模型&VLA&规划,1,singleton,candidate_singleton
PF-S06-0162,Faster-WAM: Efficient Inference-Time Future Conditioning for Robust World Action Models,2026,arXiv 预印本，2026。【证据：首页】,预印本，未注明会议。【证据：首页】,https://arxiv.org/abs/2608.04404,2608.04404,,S06-0162,世界模型&VLA&规划,1,singleton,candidate_singleton
PF-S06-0112,FAWAM: Force-Aware World Action Models for Closed-Loop Contact-Rich Manipulation,2026,arXiv:2606.08555,arXiv 预印本,https://arxiv.org/abs/2606.08555,2606.08555,,S06-0112,世界模型&VLA&规划,1,singleton,candidate_singleton
PF-S05-0146,Federated Physics‑Informed Graph Framework Guided by Multianchors for Heterogeneous Wheeled Robots Collaborative Fault Diagnosis,2026,IEEE Xplore,预印本,https://ieeexplore.ieee.org/abstract/document/11346031,,,S05-0146,数据&模拟&跨本体,1,singleton,candidate_singleton
PF-S05-0143,Federated Residual Reinforcement Learning for Collaborative Robot Skill Learning in Industry,2025,IEEE Xplore,已发表,https://ieeexplore.ieee.org/abstract/document/11336679,,,S05-0143,数据&模拟&跨本体,1,singleton,candidate_singleton
PF-S04-0039,FeelWorld: Visuo-Tactile World Model for Hierarchical Contact Prediction and Planning,2026,arXiv preprint,预印本（2026；未见正式同行评审信息）,https://arxiv.org/abs/2607.24267,2607.24267,,S04-0039,结构化物理&多模态,1,singleton,candidate_singleton
PF-S06-0047,FLARE: Robot Learning with Implicit World Modeling,2026,arXiv preprint（arXiv:2505.15659v1，2025-05-21）,arXiv preprint,https://arxiv.org/abs/2505.15659,2505.15659,,S06-0047,世界模型&VLA&规划,1,singleton,candidate_singleton
PF-S06-0165,FLEX-π: A Multi-Stream World-Action Model with Compute Flexibility,2026,arXiv 预印本（cs.RO），2026-08-11 v1。【证据：首页】,预印本，未注明会议。【证据：首页】,https://arxiv.org/abs/2608.10860,2608.10860,,S06-0165,世界模型&VLA&规划,1,singleton,candidate_singleton
PF-S06-0070,FlowVLA: Visual Chain of Thought-based Motion Reasoning for Vision-Language-Action Models,2026,arXiv（arXiv:2508.18269）,arXiv 预印本（2025-08，v3 2025-10）,https://arxiv.org/abs/2508.18269,2508.18269,,S06-0070,世界模型&VLA&规划,1,singleton,candidate_singleton
PF-S07-0147,FMB: A Functional Manipulation Benchmark for Generalizable Robotic Learning,2024,arXiv,预印本/公开稿,https://arxiv.org/abs/2401.08553,2401.08553,,S07-0147,评估&安全&Benchmark,1,singleton,candidate_singleton
PF-S03-0047,FOCUS: Object-Centric World Models for Robotic Manipulation,2025,Frontiers in Neurorobotics,已发表（Frontiers in Neurorobotics 2025）,https://biblio.ugent.be/publication/01JVKRSDJA9TGBAAAV5NSH52V5,,,S03-0047,Latent&预测表示,1,singleton,candidate_singleton
PF-S06-0181,ForeDiffusion: Foresight-Conditioned Diffusion Policy via Future View Construction,2026,"AAAI 2026（Vol.40 No.22, pp.18665–18673）。【证据：OJS 页面；DOI 10.1609/aaai.v40i22.38934】",已正式发表（AAAI-26，2026-03-14 上线）。【证据：OJS Published 字段】,https://ojs.aaai.org/index.php/AAAI/article/view/38934,,,S06-0181,世界模型&VLA&规划,1,singleton,candidate_singleton
PF-S06-0175,ForeTime-VLA: Causal Future-Token Distillation from a World Action Model for Conveyor-Belt Manipulation,2026,arXiv preprint (cs.AI; cs.RO)，8页5图，2026-08-21提交、08-24修订(v2)。【证据：首页】,预印本，未注明会议。【证据：首页】,https://arxiv.org/abs/2608.20735,2608.20735,,S06-0175,世界模型&VLA&规划,1,singleton,candidate_singleton
PF-S06-0083,FOSP: Fine-Tuning Offline Safe Policy Through World Models,2025,International Conference on Learning Representations (ICLR) 2025,已发表（ICLR 2025 Proceedings）,https://proceedings.iclr.cc/paper_files/paper/2025/file/61f425da6e0a201b8fe1454601abfba5-Paper-Conference.pdf,,,S06-0083,世界模型&VLA&规划,1,singleton,candidate_singleton
PF-S03-0066,Foundation Policies with Hilbert Representations,2024,ICML 2024,已发表（ICML 2024）,https://arxiv.org/abs/2402.15567,2402.15567,,S03-0066,Latent&预测表示,1,singleton,candidate_singleton
PF-S04-0009,Fourier neural operator for parametric partial differential equations,2021,International conference on learning representations,正式会议论文,https://arxiv.org/abs/2010.08895,2010.08895,,S04-0009,结构化物理&多模态,1,singleton,candidate_singleton
PF-S06-0156,FRAPPE: Infusing World Modeling into Generalist Policies via Multiple Future Representation Alignment,2026,arXiv 预印本，2026。【证据：首页】,预印本（代码/模型开源）。【证据：首页】,https://arxiv.org/abs/2602.17259,2602.17259,,S06-0156,世界模型&VLA&规划,1,singleton,candidate_singleton
PF-S05-0042,From Human Videos to Robot Manipulation: A Survey on Scalable Vision-Language-Action Learning with Human-Centric Data,2026,IEEE Robotics and Automation Letters (RA‑L),已接收待发表,https://arxiv.org/abs/2606.00054,2606.00054,,S05-0042,数据&模拟&跨本体,1,singleton,candidate_singleton
PF-S07-0042,From Indoor to Open World: Revealing the Spatial Reasoning Gap in MLLMs,2026,CVPR 2026,正式论文来源,https://openaccess.thecvf.com/content/CVPR2026/html/Wu_From_Indoor_to_Open_World_Revealing_the_Spatial_Reasoning_Gap_CVPR_2026_paper.html,,,S07-0042,评估&安全&Benchmark,1,singleton,candidate_singleton
PF-S07-0066,From Trial to Triumph: Advancing Long Video Understanding via Visual Context Sample Scaling and Self-Reward Alignment,2025,ICCV 2025,正式论文来源,https://openaccess.thecvf.com/content/ICCV2025/html/Suo_From_Trial_to_Triumph_Advancing_Long_Video_Understanding_via_Visual_ICCV_2025_paper.html,,,S07-0066,评估&安全&Benchmark,1,singleton,candidate_singleton
PF-S05-0054,FTP-1: A Generalist Foundation Tactile Policy Across Tactile Sensors for Contact-Rich Manipulation,2026,IEEE/RSJ International Conference on Intelligent Robots and Systems (IROS 2026),已接收待发表,https://arxiv.org/abs/2606.13102,2606.13102,,S05-0054,数据&模拟&跨本体,1,singleton,candidate_singleton
PF-S07-0159,FurnitureBench: The Benchmark for Long-Horizon Complex Furniture Assembly,2023,arXiv,预印本/公开稿,https://arxiv.org/abs/2305.12821,2305.12821,,S07-0159,评估&安全&Benchmark,1,singleton,candidate_singleton
PF-S06-0183,FUTURE-VLA: Forecasting Unified Trajectories Under Real-time Execution,2026,arXiv 预印本。【证据：PDF】,预印本（2026）。【证据：PDF】,https://arxiv.org/abs/2602.15882,2602.15882,,S06-0183,世界模型&VLA&规划,1,singleton,candidate_singleton
PF-S07-0220,FutureGAN: Video Prediction via Improved Conditional GANs,2018,arXiv,预印本/公开稿,https://arxiv.org/abs/1810.01325,1810.01325,,S07-0220,评估&安全&Benchmark,1,singleton,candidate_singleton
PF-S06-0194,FutureNav: Unified World-Action Modeling for Vision-and-Language Navigation,2026,arXiv 预印本（开源代码/项目页），2026-06-30。【证据：PDF 首页】,arXiv 预印本（2026-06-30）。【证据：日期行】,https://arxiv.org/abs/2606.30367,2606.30367,,S06-0194,世界模型&VLA&规划,1,singleton,candidate_singleton
PF-S05-0133,G0.5: One Autoregressive Stream for Robot Reasoning and Action,2026,arXiv 预印本,预印本,https://arxiv.org/abs/2608.11739,2608.11739,,S05-0133 | S06-0195,世界模型&VLA&规划 | 数据&模拟&跨本体,2,arxiv_id,deterministic_identity
PF-S02-0010,GAF: Gaussian Action Field as a 4D Representation for Dynamic World Modeling in Robotic Manipulation,2025,arXiv预印本,预印本,https://arxiv.org/abs/2506.14135,2506.14135,,S02-0010,视觉&视频世界模型,1,singleton,candidate_singleton
PF-S01-0033,GAIA-1: A Generative World Model for Autonomous Driving,2023,arXiv / Wayve technical report,预印本/技术报告,https://arxiv.org/abs/2309.17080,2309.17080,,S01-0033 | S07-0113,世界模型基础&控制 | 评估&安全&Benchmark,2,arxiv_id,deterministic_identity
PF-S02-0008,GAIA-2: A Controllable Multi-View Generative World Model for Autonomous Driving,2025,Wayve技术报告,技术报告,https://wayve.ai/wp-content/uploads/2025/03/GAIA_2_Technical_Report.pdf,,,S02-0008,视觉&视频世界模型,1,singleton,candidate_singleton
PF-S04-0044,Galileo: Perceiving Physical Object Properties by Integrating a Physics Engine with Deep Learning,2015,NeurIPS 2015；DOI:10.48550/arXiv.1504.02852,正式会议论文,https://papers.neurips.cc/paper_files/paper/2015/file/d09bf41544a3365a46c9077ebb5e35c3-Paper.pdf,,,S04-0044,结构化物理&多模态,1,singleton,candidate_singleton
PF-S02-0016,GameGen-X: Interactive Open-world Game Video Generation,2024,arXiv预印本,预印本,https://arxiv.org/abs/2411.00769,2411.00769,,S02-0016,视觉&视频世界模型,1,singleton,candidate_singleton
PF-S06-0168,GE-Act 2.0: Pretraining and Scaling a World-Action Model for Robotic Manipulation,2026,arXiv preprint 技术报告 (cs.RO; cs.CV)，2026-09-04 提交（v1）。【证据：首页】,预印本技术报告，未注明会议。【证据：首页】,https://arxiv.org/abs/2609.05588,2609.05588,,S06-0168,世界模型&VLA&规划,1,singleton,candidate_singleton
PF-S04-0003,GelSight: High-resolution robot tactile sensors for estimating geometry and force,2017,Sensors,期刊/正式出版,https://www.mdpi.com/1424-8220/17/12/2762,,,S04-0003,结构化物理&多模态,1,singleton,candidate_singleton
PF-S06-0061,GEM-4D: Geometry-Enhanced Video World Models for Robot Manipulation,2026,arXiv 预印本,预印本,https://arxiv.org/abs/2605.22882,2605.22882,,S06-0061,世界模型&VLA&规划,1,singleton,candidate_singleton
PF-S06-0027,Gemini robotics: Bringing AI into the physical world,2025,,技术报告,https://arxiv.org/abs/2503.20020,2503.20020,,S06-0027,世界模型&VLA&规划,1,singleton,candidate_singleton
PF-S06-0058,Gen2Act: Human Video Generation in Novel Scenarios Enables Generalizable Robot Manipulation,2026,CoRL 2025（PMLR v305）,预印本，会议接收,https://arxiv.org/abs/2409.16283,2409.16283,,S06-0058,世界模型&VLA&规划,1,singleton,candidate_singleton
PF-S05-0100,Gen2Sim: Scaling up Robot Learning in Simulation with Generative Models,2023,arXiv preprint,预印本,https://arxiv.org/abs/2310.18308,2310.18308,,S05-0100,数据&模拟&跨本体,1,singleton,candidate_singleton
PF-S05-0078,Genesis: A Generative and Universal Physics Engine for Robotics and Beyond,2024,项目页（arXiv待出）,arXiv预印本/项目页,https://genesis-embodied-ai.github.io/,,,S05-0078,数据&模拟&跨本体,1,singleton,candidate_singleton
PF-S04-0049,GENESIS: Generative Scene Inference and Sampling with Object-Centric Latent Representations,2020,ICLR 2020；arXiv:1907.13052,正式会议论文,https://arxiv.org/abs/1907.13052,1907.13052,,S04-0049,结构化物理&多模态,1,singleton,candidate_singleton
PF-S02-0017,GenEx: Generating an Explorable World,2024,arXiv预印本,预印本,https://arxiv.org/abs/2412.09624,2412.09624,,S02-0017,视觉&视频世界模型,1,singleton,candidate_singleton
PF-S02-0013,Genie 2: A Large-Scale Foundation World Model,2024,DeepMind官方博客,技术报告/博客,https://deepmind.google/discover/blog/genie-2-a-large-scale-foundation-world-model/,,,S02-0013,视觉&视频世界模型,1,singleton,candidate_singleton
PF-S02-0003,Genie 3: A New Frontier for World Models,2025,DeepMind官方博客,技术报告/博客,https://deepmind.google/discover/blog/genie-3-a-new-frontier-for-world-models/,,,S02-0003,视觉&视频世界模型,1,singleton,candidate_singleton
PF-S01-0052,Genie: Generative Interactive Environments,2024,arXiv / Google DeepMind,预印本/技术报告,https://arxiv.org/abs/2402.15391,2402.15391,,S01-0052 | S02-0012 | S03-0032 | S05-0091 | S07-0117,Latent&预测表示 | 世界模型基础&控制 | 数据&模拟&跨本体 | 视觉&视频世界模型 | 评估&安全&Benchmark,5,arxiv_id,deterministic_identity
PF-S06-0068,GeoPredict: Leveraging Predictive Kinematics and 3D Gaussian Geometry for Precise VLA Manipulation,2026,CVPR 2026。【证据：openaccess CVPR2026 路径】,已正式发表（CVPR 2026）。【证据：URL】,https://openaccess.thecvf.com/content/CVPR2026/papers/Qian_GeoPredict_Leveraging_Predictive_Kinematics_and_3D_Gaussian_Geometry_for_Precise_CVPR_2026_paper.pdf,,,S06-0068,世界模型&VLA&规划,1,singleton,candidate_singleton
PF-S07-0176,GG-LLM: Geometrically Grounding Large Language Models for Zero-shot Human Activity Forecasting in Human-Aware Task Planning,2024,OpenReview,预印本/公开稿,https://openreview.net/forum?id=WLzysJoVOe,,,S07-0176,评估&安全&Benchmark,1,singleton,candidate_singleton
PF-S06-0160,GlanceWAM: Sparse Test-Time Imagination for World-Action Models,2026,arXiv 预印本（ICLR-style 排版），2026。【证据：首页】,预印本，未确认会议。【证据：首页】,https://arxiv.org/abs/2608.23927,2608.23927,,S06-0160,世界模型&VLA&规划,1,singleton,candidate_singleton
PF-S01-0095,GR-2: A Generative Video-Language-Action Model with Web-Scale Knowledge for Robot Manipulation,2024,arXiv / ByteDance Research,技术报告/预印本,https://arxiv.org/abs/2410.06158,2410.06158,,S01-0095 | S02-0022 | S05-0083,世界模型基础&控制 | 数据&模拟&跨本体 | 视觉&视频世界模型,3,arxiv_id,manual_identity_review
PF-S06-0028,GR00T N1: An open foundation model for generalist humanoid robots,2025,,技术报告,https://arxiv.org/abs/2503.14734,2503.14734,,S06-0028,世界模型&VLA&规划,1,singleton,candidate_singleton
PF-S03-0051,Graph-based Unsupervised Disentangled Representation Learning via Multimodal Large Language Models,2024,NeurIPS 2024,已发表（NeurIPS 2024）,https://papers.nips.cc/paper_files/paper/2024/hash/bac4d92b3f6decfe47eab9a5893dd1f6-Paper-Conference.pdf,,,S03-0051,Latent&预测表示,1,singleton,candidate_singleton
PF-S01-0079,Graph Networks as Learnable Physics Engines for Inference and Control,2018,ICML 2018 / PMLR,已发表会议论文,https://arxiv.org/abs/1806.01242,1806.01242,,S01-0079,世界模型基础&控制,1,singleton,candidate_singleton
PF-S07-0213,Graph Networks as Learnable Physics Engines for Inference and Simulation,2020,arXiv,预印本/公开稿,https://arxiv.org/abs/1806.01261,1806.01261,,S07-0213,评估&安全&Benchmark,1,singleton,candidate_singleton
PF-S05-0158,GraphMimic: Graph‑to‑Graphs Generative Modeling from Videos for Policy Learning,2025,CVPR 2025,已发表,https://openaccess.thecvf.com/content/CVPR2025/papers/Chen_GraphMimic_Graph‑to‑Graphs_Generative_Modeling_from_Videos_for_Policy_Learning_CVPR_2025_paper.pdf,,,S05-0158,数据&模拟&跨本体,1,singleton,candidate_singleton
PF-S06-0102,Grounded World Model for Semantically Generalizable Planning,2026,arXiv:2604.11751,arXiv 预印本,https://arxiv.org/abs/2604.11751,2604.11751,,S06-0102,世界模型&VLA&规划,1,singleton,candidate_singleton
PF-S05-0186,Grounding Sim‑to‑Real Generalization in Robotic Manipulation: An Empirical Study with Vision‑Language‑Action Models,2026,arXiv preprint,预印本,https://arxiv.org/abs/2603.22876,2603.22876,,S05-0186,数据&模拟&跨本体,1,singleton,candidate_singleton
PF-S07-0171,GUARD: A Safe Reinforcement Learning Benchmark,2022,OpenReview,预印本/公开稿,https://openreview.net/forum?id=ZCeDLB3yLb,,,S07-0171,评估&安全&Benchmark,1,singleton,candidate_singleton
PF-S01-0025,Guided Policy Search,2013,ICML 2013,已发表会议论文,https://proceedings.mlr.press/v28/levine13.html,,,S01-0025,世界模型基础&控制,1,singleton,candidate_singleton
PF-S02-0009,GWM: Towards Scalable Gaussian World Models for Robotic Manipulation,2025,ICCV 2025,正式会议,https://arxiv.org/abs/2508.17600,2508.17600,,S02-0009 | S06-0131,世界模型&VLA&规划 | 视觉&视频世界模型,2,arxiv_id,deterministic_identity
PF-S06-0103,H-WM: Robotic Task and Motion Planning Guided by Hierarchical World Model,2026,arXiv:2602.11291,arXiv 预印本（IEEE 双栏版式）,https://arxiv.org/abs/2602.11291,2602.11291,,S06-0103,世界模型&VLA&规划,1,singleton,candidate_singleton
PF-S05-0067,H2O: Human-to-Humanoid Real-Time Whole-Body Teleoperation,2024,arXiv 2024,arXiv预印本,https://arxiv.org/abs/2403.04436,2403.04436,,S05-0067,数据&模拟&跨本体,1,singleton,candidate_singleton
PF-S05-0046,H2R-BM: Can leveraging human videos enhance performance and generalizability in robotic bimanual manipulation?,2026,IEEE Robotics and Automation Letters (RA‑L),已接收待发表,https://www.sciencedirect.com/science/article/pii/S0031320326006023,,,S05-0046,数据&模拟&跨本体,1,singleton,candidate_singleton
PF-S07-0010,Habitat 2.0: Training Home Assistants to Rearrange their Habitat,2021,arXiv,预印本/公开稿,https://arxiv.org/abs/2106.14405,2106.14405,,S07-0010,评估&安全&Benchmark,1,singleton,candidate_singleton
PF-S07-0201,Habitat 3.0: A Co-located Simulation Platform for Studying the Collaboration between Humans and Robots,2023,aihabitat.org,来源待核验,https://aihabitat.org/habitat3/,,,S07-0201,评估&安全&Benchmark,1,singleton,candidate_singleton
PF-S07-0007,Habitat: A Platform for Embodied AI Research,2019,arXiv,预印本/公开稿,https://arxiv.org/abs/1904.01201,1904.01201,,S07-0007,评估&安全&Benchmark,1,singleton,candidate_singleton
PF-S01-0084,Hamiltonian Neural Networks,2019,NeurIPS 2019,已发表会议论文,https://arxiv.org/abs/1906.01563,1906.01563,,S01-0084 | S04-0004,世界模型基础&控制 | 结构化物理&多模态,2,normalized_title,deterministic_identity
PF-S06-0113,HarmoWAM: Harmonizing Generalizable and Precise Manipulation via Adaptive World Action Models,2026,arXiv:2605.10942,arXiv 预印本,https://arxiv.org/abs/2605.10942,2605.10942,,S06-0113,世界模型&VLA&规划,1,singleton,candidate_singleton
PF-S05-0125,HERMES: Human‑to‑Robot Embodied Learning From Multi‑Source Motion Data for Mobile Dexterous Manipulation,2025,arXiv preprint,预印本,https://arxiv.org/abs/2508.20085,2508.20085,,S05-0125,数据&模拟&跨本体,1,singleton,candidate_singleton
PF-S05-0170,Hierarchical human-to-robot imitation learning for long-horizon tasks via cross-domain skill alignment,2024,IEEE RA‑L / IROS 2024,会议正式出版,https://ieeexplore.ieee.org/abstract/document/10610084/,,,S05-0170,数据&模拟&跨本体,1,singleton,candidate_singleton
PF-S02-0035,Hierarchical Planning with Latent World Models,2026,arXiv 2026（预印本）,预印本,https://arxiv.org/abs/2604.03208,2604.03208,,S02-0035 | S06-0100,世界模型&VLA&规划 | 视觉&视频世界模型,2,arxiv_id,manual_identity_review
PF-S05-0183,High‑Fidelity Simulated Data Generation for Real‑World Zero‑Shot Robotic Manipulation Learning with Gaussian Splatting,2025,arXiv preprint,预印本,https://arxiv.org/abs/2510.10637,2510.10637,,S05-0183,数据&模拟&跨本体,1,singleton,candidate_singleton
PF-S05-0094,HMA: Heterogeneous Masked Autoregression,2025,arXiv 2025,arXiv预印本,https://arxiv.org/abs/2502.04296,2502.04296,,S05-0094,数据&模拟&跨本体,1,singleton,candidate_singleton
PF-S05-0138,How Should Vision‑Language‑Action Models Use Proprioceptive State?,2026,arXiv 预印本,预印本,https://arxiv.org/abs/2608.03052,2608.03052,,S05-0138,数据&模拟&跨本体,1,singleton,candidate_singleton
PF-S05-0190,Human‑as‑Humanoid: Enabling Zero‑Shot Humanoid Learning from Ego‑Exo Human Videos with Human‑Aligned Embodiments,2026,arXiv preprint,预印本,https://arxiv.org/abs/2606.32009,2606.32009,,S05-0190,数据&模拟&跨本体,1,singleton,candidate_singleton
PF-S07-0189,Human-Robot Gym: Benchmarking Reinforcement Learning in Human-Robot Collaboration,2023,arXiv,预印本/公开稿,https://arxiv.org/abs/2310.06208,2310.06208,,S07-0189,评估&安全&Benchmark,1,singleton,candidate_singleton
PF-S05-0171,Human2Humanoid: Physics-Aware Cross-Morphology Motion Retargeting for Humanoid Robots,2026,arXiv preprint,预印本,https://arxiv.org/abs/2606.03476,2606.03476,,S05-0171,数据&模拟&跨本体,1,singleton,candidate_singleton
PF-S05-0104,HumanPlus: Humanoid Shadowing and Imitation from Humans,2024,arXiv 2024,arXiv预印本,https://arxiv.org/abs/2406.10454,2406.10454,,S05-0104,数据&模拟&跨本体,1,singleton,candidate_singleton
PF-S05-0039,HumanScale: Egocentric Human Video Can Outperform Real-Robot Data for Embodied Pretraining,2026,IEEE International Conference on Robotics and Automation (ICRA 2026),已接收待发表,https://arxiv.org/abs/2606.20521,2606.20521,,S05-0039,数据&模拟&跨本体,1,singleton,candidate_singleton
PF-S07-0102,iGibson 2.0: Object-Centric Simulation for Robot Learning of Everyday Household Tasks,2021,arXiv,预印本/公开稿,https://arxiv.org/abs/2108.03272,2108.03272,,S07-0102,评估&安全&Benchmark,1,singleton,candidate_singleton
PF-S01-0027,Imagination-Augmented Agents,2017,NeurIPS 2017,已发表会议论文,https://arxiv.org/abs/1707.06203,1707.06203,,S01-0027,世界模型基础&控制,1,singleton,candidate_singleton
PF-S06-0079,Imagine-2-Drive: Leveraging High-Fidelity World Models via Multi-Modal Diffusion Policies,2024（v1: 2024-11-15；v2: 2025-03-09）,IEEE International Conference on Robotics and Automation (ICRA) 2025（据IEEE Xplore页面）,已发表（IEEE）,https://arxiv.org/abs/2411.10171,2411.10171,,S06-0079,世界模型&VLA&规划,1,singleton,candidate_singleton
PF-S04-0033,Imagine2touch: Predictive Tactile Sensing for Robotic Manipulation using Efficient Low-Dimensional Signals,2024,arXiv preprint arXiv:2405.01192,预印本（未见正式同行评审信息）,https://arxiv.org/abs/2405.01192,2405.01192,,S04-0033,结构化物理&多模态,1,singleton,candidate_singleton
PF-S05-0174,ImMimic: Cross‑Domain Imitation from Human Videos via Mapping and Interpolation,2025,arXiv preprint,预印本,https://arxiv.org/abs/2509.10952,2509.10952,,S05-0174,数据&模拟&跨本体,1,singleton,candidate_singleton
PF-S06-0075,Inference-Time Enhancement of Generative Robot Policies via Predictive World Modeling,2025（v1: 2025-02-02；v4: 2026-03-11）,IEEE Robotics and Automation Letters (RA-L),已接受（Accepted February 2026）,https://arxiv.org/abs/2502.00622,2502.00622,,S06-0075 | S06-0076,世界模型&VLA&规划,2,arxiv_id,manual_identity_review
PF-S06-0009,Inner monologue: Embodied reasoning through planning with language models,2023,Conference on robot learning,正式会议论文,https://arxiv.org/abs/2207.05608,2207.05608,,S06-0009,世界模型&VLA&规划,1,singleton,candidate_singleton
PF-S07-0236,"INTERACTION Dataset: An International, Adversarial and Cooperative Motion Dataset in Interactive Driving Scenarios",2019,arXiv,预印本/公开稿,https://arxiv.org/abs/1910.03088,1910.03088,,S07-0236,评估&安全&Benchmark,1,singleton,candidate_singleton
PF-S01-0072,"Interaction Networks for Learning about Objects, Relations and Physics",2016,NeurIPS 2016,已发表会议论文,https://arxiv.org/abs/1612.00222,1612.00222,,S01-0072 | S04-0002 | S07-0216,世界模型基础&控制 | 结构化物理&多模态 | 评估&安全&Benchmark,3,arxiv_id,manual_identity_review
PF-S02-0025,Interactive Video Generative Pretraining for Robot Manipulation (iVideoGPT),2024,NeurIPS 2024,正式会议,https://arxiv.org/abs/2405.15223,2405.15223,,S02-0025,视觉&视频世界模型,1,singleton,candidate_singleton
PF-S06-0176,Intercepting the Future: Latent-Space Predictive World Model for Dynamic VLA Manipulation (AHEAD),2026,arXiv 预印本。【证据：PDF 首页】,arXiv 预印本（2026）。【证据：PDF 首页】,https://arxiv.org/abs/2606.02486,2606.02486,,S06-0176,世界模型&VLA&规划,1,singleton,candidate_singleton
PF-S07-0226,Interior-point Policy Optimization under Constraints,2020,arXiv,预印本/公开稿,https://arxiv.org/abs/1910.09615,1910.09615,,S07-0226,评估&安全&Benchmark,1,singleton,candidate_singleton
PF-S05-0051,InternData-A1: Pioneering High-Fidelity Synthetic Data for Pre-training Generalist Policies,2026,Conference on Robot Learning (CoRL 2026),已接收待发表,https://openaccess.thecvf.com/content/CVPR2026/papers/Tian_InternData-A1_Pioneering_High-Fidelity_Synthetic_Data_for_Pre-training_Generalist_Policy_CVPR_2026_paper.pdf,,,S05-0051 | S05-0156,数据&模拟&跨本体,2,manual_merge,manual_identity_review
PF-S07-0079,IntPhys: A Benchmark for Visual Intuitive Physics Reasoning,2018,arXiv,预印本/公开稿,https://arxiv.org/abs/1803.07616,1803.07616,,S07-0079,评估&安全&Benchmark,1,singleton,candidate_singleton
PF-S07-0221,Introducing SafeLife: Safety Benchmarks for Reinforcement Learning based on the Game of Life,2020,github.com,来源待核验,https://github.com/awjuliani/safelife,,,S07-0221,评估&安全&Benchmark,1,singleton,candidate_singleton
PF-S03-0024,Introduction to Predictive Coding Networks for Machine Learning,2025,arXiv,预印本（arXiv:2506.06332）,https://arxiv.org/abs/2506.06332,2506.06332,,S03-0024,Latent&预测表示,1,singleton,candidate_singleton
PF-S03-0043,IRASim: A Fine-Grained World Model for Robot Manipulation,2025,ICCV 2025,正式论文来源,https://openaccess.thecvf.com/content/ICCV2025/html/Zhu_IRASim_A_Fine-Grained_World_Model_for_Robot_Manipulation_ICCV_2025_paper.html,2406.14540,,S03-0043 | S05-0085 | S07-0067,Latent&预测表示 | 数据&模拟&跨本体 | 评估&安全&Benchmark,3,arxiv_id + normalized_title,deterministic_identity
PF-S07-0150,IS-Bench: Evaluating Interactive Safety of VLM-Driven Embodied Agents in Daily Household Tasks,2025,arXiv,预印本/公开稿,https://arxiv.org/abs/2506.16402,2506.16402,,S07-0150,评估&安全&Benchmark,1,singleton,candidate_singleton
PF-S05-0139,Is Diversity All You Need for Scalable Robotic Manipulation?,2025,IEEE RA‑L,期刊正式出版,https://ieeexplore.ieee.org/stamp/stamp.jsp?arnumber=11488937,,,S05-0139,数据&模拟&跨本体,1,singleton,candidate_singleton
PF-S07-0044,Is Your World Simulator a Good Story Presenter? A Consecutive Events-Based Benchmark for Future Long Video Generation,2025,CVPR 2025,正式论文来源,https://openaccess.thecvf.com/content/CVPR2025/html/Wang_Is_Your_World_Simulator_a_Good_Story_Presenter_A_Consecutive_CVPR_2025_paper.html,,,S07-0044,评估&安全&Benchmark,1,singleton,candidate_singleton
PF-S05-0009,Isaac Gym: High Performance GPU-Based Physics Simulation For Robot Learning,2021,arXiv preprint arXiv:2108.10470,预印本/公开稿,https://arxiv.org/abs/2108.10470,2108.10470,,S05-0009 | S05-0070,数据&模拟&跨本体,2,arxiv_id,manual_identity_review
PF-S06-0097,"IVE: Imagine, Verify, Execute: Memory-Guided Agentic Exploration with Vision-Language Models",2026,"arXiv:2505.07815（CoRL 2025, Seoul）",会议正式发表（CoRL 2025）,https://arxiv.org/abs/2505.07815,2505.07815,,S06-0097,世界模型&VLA&规划,1,singleton,candidate_singleton
PF-S03-0041,iVideoGPT: Interactive VideoGPTs are Scalable World Models,2024,NeurIPS 2024,已发表（NeurIPS 2024）,https://proceedings.neurips.cc/paper_files/paper/2024/hash/7dbb5bfab324e3b86af9bd0df15498dd-Abstract-Conference.html,,,S03-0041,Latent&预测表示,1,singleton,candidate_singleton
PF-S05-0073,Jade: A Differentiable Physics Engine for Articulated Rigid Bodies,2023,IROS 2023,会议已接收,https://arxiv.org/abs/2309.04710,2309.04710,,S05-0073,数据&模拟&跨本体,1,singleton,candidate_singleton
PF-S06-0159,JailWAM: Jailbreaking World Action Models in Robot Control,2026,arXiv 预印本，2026。【证据：首页】,预印本，未注明会议。【证据：首页】,https://arxiv.org/abs/2604.05498,2604.05498,,S06-0159,世界模型&VLA&规划,1,singleton,candidate_singleton
PF-S01-0067,JEPA-WAM: Learning Vision-Language-Action Policies with Joint-Embedding World Modeling,2026,arXiv,预印本,https://arxiv.org/abs/2608.09381,2608.09381,,S01-0067 | S02-0036 | S06-0035,世界模型&VLA&规划 | 世界模型基础&控制 | 视觉&视频世界模型,3,arxiv_id,deterministic_identity
PF-S05-0131,JoyAI‑RA 0.5: Scaling Robot Manipulation Learning via Dual Action Alignment,2026,arXiv 预印本,预印本,https://arxiv.org/abs/2608.05674,2608.05674,,S05-0131,数据&模拟&跨本体,1,singleton,candidate_singleton
PF-S06-0140,Kairos: A Native World Model Stack for Physical AI,2026,arXiv预印本（cs.RO）,预印本（2026-06-17）,https://arxiv.org/abs/2606.16533,2606.16533,,S06-0140,世界模型&VLA&规划,1,singleton,candidate_singleton
PF-S07-0250,Kernel-Based Safe Exploration in Deep Reinforcement Learning,2026,L4DC 2026 / PMLR 331,正式发表/会议,https://proceedings.mlr.press/v331/majumdar26a.html,,,S07-0250,评估&安全&Benchmark,1,singleton,candidate_singleton
PF-S03-0071,Kinaema: Recurrent Sequence Model for Memory and Pose in Motion,2025,NeurIPS 2025,已接收（NeurIPS 2025）,https://proceedings.neurips.cc/paper_files/paper/2025/hash/703f727ec10190b2fddcf8e24f52df48-Abstract-Conference.html,,,S03-0071,Latent&预测表示,1,singleton,candidate_singleton
PF-S05-0037,KITE: Decoupling Kinematics and Interaction for Zero-Shot Cross-Embodiment Manipulation,2026,International Conference on Learning Representations (ICLR 2026),已接收待发表,https://arxiv.org/abs/2606.22113,2606.22113,,S05-0037,数据&模拟&跨本体,1,singleton,candidate_singleton
PF-S05-0026,LAC-WM (Latent Action Robot Foundation World Models for Cross-Embodiment Adaptation),2026,International Conference on Machine Learning (ICML) 2026,已接收（ICML 2026）,https://openreview.net/pdf?id=vEZgPr1deb,,,S05-0026 | S05-0058,数据&模拟&跨本体,2,manual_merge,manual_identity_review
PF-S03-0038,LaDi-WM: A Latent Diffusion-based World Model for Predictive Manipulation,2025,CoRL 2025,已接收（CoRL 2025）,https://arxiv.org/abs/2505.11528,2505.11528,,S03-0038 | S06-0048,Latent&预测表示 | 世界模型&VLA&规划,2,arxiv_id,deterministic_identity
PF-S04-0007,Lagrangian neural networks,2020,arXiv preprint arXiv:2003.04630,预印本/公开稿,https://arxiv.org/abs/2003.04630,2003.04630,,S04-0007,结构化物理&多模态,1,singleton,candidate_singleton
PF-S03-0061,LaM-SLidE: Latent Space Modeling of Spatial Dynamical Systems via Linked Entities,2025,arXiv,预印本（arXiv:2502.12128）,https://arxiv.org/abs/2502.12128,2502.12128,,S03-0061,Latent&预测表示,1,singleton,candidate_singleton
PF-S03-0027,LAPA: Latent Action Pretraining from Videos,2024,ICLR 2025,已发表（ICLR 2025）,https://arxiv.org/abs/2410.11758,2410.11758,,S03-0027,Latent&预测表示,1,singleton,candidate_singleton
PF-S03-0028,LAPO: Learning to Act without Actions,2023,ICLR 2024 Spotlight,已发表（ICLR 2024 Spotlight）,https://arxiv.org/abs/2312.10812,2312.10812,,S03-0028,Latent&预测表示,1,singleton,candidate_singleton
PF-S02-0047,Latent Action World Models for Control with Unlabeled Trajectories,2025,arXiv 2025（预印本）,预印本,https://arxiv.org/abs/2512.10016,2512.10016,,S02-0047 | S06-0050,世界模型&VLA&规划 | 视觉&视频世界模型,2,arxiv_id,deterministic_identity
PF-S05-0108,Latent Policy Steering: An Efficient and Flexible Framework for Cross‑Embodiment Transfer,2026,arXiv 预印本,预印本,https://arxiv.org/abs/2609.22521,2609.22521,,S05-0108,数据&模拟&跨本体,1,singleton,candidate_singleton
PF-S03-0045,LaWAM: Latent World Action Models for Efficient Dynamics-Aware Robot Policies,2026,arXiv,预印本（arXiv:2606.15768）,https://arxiv.org/abs/2606.15768,2606.15768,,S03-0045 | S06-0046,Latent&预测表示 | 世界模型&VLA&规划,2,arxiv_id,deterministic_identity
PF-S05-0062,LAWM-3D: Learning 3D-Aware Latent Actions from Human Videos for Generalizable Robot World Models,2026,IEEE/RSJ International Conference on Intelligent Robots and Systems (IROS 2026),已接收待发表,https://arxiv.org/abs/2608.05706,2608.05706,,S05-0062,数据&模拟&跨本体,1,singleton,candidate_singleton
PF-S03-0030,LAWM: Latent Action Pretraining Through World Modeling,2025,arXiv,预印本（arXiv:2509.18428）,https://arxiv.org/abs/2509.18428,2509.18428,,S03-0030,Latent&预测表示,1,singleton,candidate_singleton
PF-S05-0191,LD4WAM: Learning Latent Dynamics from Human Videos for World Action Models,2026,arXiv preprint,预印本,https://arxiv.org/abs/2608.22403,2608.22403,,S05-0191 | S06-0198,世界模型&VLA&规划 | 数据&模拟&跨本体,2,arxiv_id,deterministic_identity
PF-S06-0139,LDA-1B: Scaling Latent Dynamics Action Model via Universal Embodied Data Ingestion,2026,Robotics: Science and Systems (RSS) 2026,已接收（RSS 2026）,https://arxiv.org/abs/2602.12215,2602.12215,,S06-0139,世界模型&VLA&规划,1,singleton,candidate_singleton
PF-S06-0149,Learning by Watching: A Review of Video-Based Learning Approaches for Robot Manipulation,2024（v1: 2024-02-11）,IEEE Access,"已发表（2025, IEEE Access, pp. 184071-184109）",https://ieeexplore.ieee.org/stamp/stamp.jsp?arnumber=11215739,,,S06-0149,世界模型&VLA&规划,1,singleton,candidate_singleton
PF-S01-0026,Learning Continuous Control Policies by Stochastic Value Gradients,2015,NeurIPS 2015 / arXiv,已发表会议论文,https://arxiv.org/abs/1510.09142,1510.09142,,S01-0026,世界模型基础&控制,1,singleton,candidate_singleton
PF-S01-0070,Learning Deep Dynamical Models from Image Pixels,2015,IFAC Symposium on System Identification / arXiv,已发表会议论文,https://arxiv.org/abs/1410.7550,1410.7550,,S01-0070,世界模型基础&控制,1,singleton,candidate_singleton
PF-S06-0010,Learning Fine-Grained Bimanual Manipulation with Low-Cost Hardware,2023,Robotics: Science and systems,正式会议论文,https://arxiv.org/abs/2304.13705,2304.13705,,S06-0010 | S07-0140,世界模型&VLA&规划 | 评估&安全&Benchmark,2,arxiv_id,manual_identity_review
PF-S03-0018,Learning from Reward-Free Offline Data: Planning with Latent Dynamics Models,2025,NeurIPS 2025,已接收（NeurIPS 2025）,https://proceedings.neurips.cc/paper_files/paper/2025/hash/3e7cf447f21cd11c846463affefce665-Abstract-Conference.html,,,S03-0018,Latent&预测表示,1,singleton,candidate_singleton
PF-S03-0073,Learning Hybrid Dynamics Models with Simulator-Informed Latent States,2023,AAAI 2024,已发表（AAAI 2024）,https://arxiv.org/abs/2309.02873,2309.02873,,S03-0073,Latent&预测表示,1,singleton,candidate_singleton
PF-S05-0084,Learning Interactive Real-World Simulators,2023,ICLR 2024,会议已接收,https://arxiv.org/abs/2310.06114,2310.06114,,S05-0084 | S07-0112,数据&模拟&跨本体 | 评估&安全&Benchmark,2,arxiv_id,manual_identity_review
PF-S03-0010,Learning Invariant Representations for Reinforcement Learning without Reconstruction,2021（arXiv 2020）,ICLR 2021,正式会议论文（Oral，同行评审）,https://arxiv.org/abs/2006.10742,2006.10742,,S03-0010,Latent&预测表示,1,singleton,candidate_singleton
PF-S05-0064,Learning Latent Action World Models In The Wild,2026,IEEE International Conference on Robotics and Automation (ICRA 2026),已接收待发表,https://openreview.net/pdf?id=HDf5semiaB,,,S05-0064 | S06-0053,世界模型&VLA&规划 | 数据&模拟&跨本体,2,normalized_title,deterministic_identity
PF-S01-0006,Learning Latent Dynamics for Planning from Pixels,2019,ICLR 2019 / arXiv,已发表会议论文,https://arxiv.org/abs/1811.04551,1811.04551,,S01-0006 | S02-0032 | S07-0080,世界模型基础&控制 | 视觉&视频世界模型 | 评估&安全&Benchmark,3,arxiv_id,manual_identity_review
PF-S01-0058,Learning Latent Plans from Play,2020,CoRL 2019 / PMLR 2020 / arXiv,已发表会议论文,https://arxiv.org/abs/2003.06421,2003.06421,,S01-0058,世界模型基础&控制,1,singleton,candidate_singleton
PF-S04-0010,Learning Mesh-Based Simulation with Graph Networks,2021,International conference on learning representations,正式会议论文,https://arxiv.org/abs/2010.03409,2010.03409,,S04-0010 | S07-0215,结构化物理&多模态 | 评估&安全&Benchmark,2,arxiv_id,manual_identity_review
PF-S07-0183,Learning Multiple Probabilistic Decisions from Latent World Model in Autonomous Driving,2025,IEEE,正式论文来源,https://ieeexplore.ieee.org/document/11127996/,,,S07-0183,评估&安全&Benchmark,1,singleton,candidate_singleton
PF-S01-0083,"Learning Particle Dynamics for Manipulating Rigid Bodies, Deformable Objects, and Fluids",2019,ICLR 2019,已发表会议论文,https://arxiv.org/abs/1810.01566,1810.01566,,S01-0083,世界模型基础&控制,1,singleton,candidate_singleton
PF-S04-0046,Learning Physical Intuition of Block Towers by Example,2016,ICML 2016；PMLR 48:430–438；arXiv:1603.01312,正式会议论文,https://proceedings.mlr.press/v48/lerer16.html,,,S04-0046,结构化物理&多模态,1,singleton,candidate_singleton
PF-S05-0081,Learning Quadruped Locomotion Using Differentiable Simulation,2024,CoRL 2024,会议已接收,https://arxiv.org/abs/2403.14864,2403.14864,,S05-0081,数据&模拟&跨本体,1,singleton,candidate_singleton
PF-S03-0025,Learning Speech Representations with Variational Predictive Coding,2026,TACL,已接收（TACL 2025/2026）,https://arxiv.org/abs/2601.00100,2601.00100,,S03-0025,Latent&预测表示,1,singleton,candidate_singleton
PF-S03-0062,Learning the intrinsic dynamics of spatio-temporal processes through Latent Dynamics Networks,2024,Nature Communications 2024,已发表（Nature Comm 2024）,https://www.nature.com/articles/s41467-024-45323-x,,,S03-0062,Latent&预测表示,1,singleton,candidate_singleton
PF-S01-0088,Learning to Control PDEs with Differentiable Physics,2020,ICLR 2020,已发表会议论文,https://arxiv.org/abs/2001.07457,2001.07457,,S01-0088,世界模型基础&控制,1,singleton,candidate_singleton
PF-S04-0043,Learning to See Physics via Visual De-animation,2017,NeurIPS 2017；arXiv:1705.07889,正式会议论文,https://papers.neurips.cc/paper/2017/file/4c56ff4ce4aaf9573aa5dff913df997a-Abstract.html,,,S04-0043,结构化物理&多模态,1,singleton,candidate_singleton
PF-S01-0061,Learning to Simulate Complex Physics with Graph Networks,2020,Proceedings of the 37th international conference on machine learning,正式会议论文,https://proceedings.mlr.press/v119/sanchez-gonzalez20a/sanchez-gonzalez20a.pdf,2002.09405,,S01-0061 | S04-0008 | S07-0214,世界模型基础&控制 | 结构化物理&多模态 | 评估&安全&Benchmark,3,arxiv_id + normalized_title,deterministic_identity
PF-S06-0191,Learning Transferable Dynamics Priors from Action to World Modeling,2026,arXiv 预印本（GitHub: LogosRoboticsGroup/A2World）。【证据：标题页】,arXiv 预印本（2026）。【证据：PDF 首页】,https://arxiv.org/abs/2606.29501,2606.29501,,S06-0191,世界模型&VLA&规划,1,singleton,candidate_singleton
PF-S02-0030,Learning Universal Policies via Text-Guided Video Generation,2023,NeurIPS 2023 Spotlight,正式会议,https://arxiv.org/abs/2302.00111,2302.00111,,S02-0030 | S05-0082,数据&模拟&跨本体 | 视觉&视频世界模型,2,arxiv_id,manual_identity_review
PF-S01-0071,Learning Visual Predictive Models of Physics for Playing Billiards,2016,ICLR 2016,已发表会议论文,https://arxiv.org/abs/1511.07404,1511.07404,,S01-0071 | S04-0045,世界模型基础&控制 | 结构化物理&多模态,2,arxiv_id,deterministic_identity
PF-S03-0012,LeJEPA: Provable and Scalable Self-Supervised Learning Without the Heuristics,2025,arXiv,预印本（arXiv:2511.08544）,https://arxiv.org/abs/2511.08544,2511.08544,,S03-0012,Latent&预测表示,1,singleton,candidate_singleton
PF-S07-0193,Leveraging Procedural Generation to Benchmark Reinforcement Learning,2020,proceedings.mlr.press,来源待核验,https://proceedings.mlr.press/v119/cobbe20a.html,,,S07-0193,评估&安全&Benchmark,1,singleton,candidate_singleton
PF-S07-0014,LIBERO: Benchmarking Knowledge Transfer for Lifelong Robot Learning,2023,arXiv,预印本/公开稿,https://arxiv.org/abs/2306.03310,2306.03310,,S07-0014,评估&安全&Benchmark,1,singleton,candidate_singleton
PF-S05-0032,LIBERO-Recover Benchmark,2026,arXiv预印本（cs.RO）,预印本（2026-09-04）,https://arxiv.org/abs/2609.05178,2609.05178,,S05-0032,数据&模拟&跨本体,1,singleton,candidate_singleton
PF-S06-0177,Lift3D-VLA: Lifting VLA Models to 3D Geometry and Dynamics-Aware Manipulation,2026,arXiv preprint (cs.RO; cs.CV)，14页7图，2026-07-07 提交（v1）。【证据：首页】,预印本，未注明会议。【证据：首页】,https://arxiv.org/abs/2607.06564,2607.06564,,S06-0177,世界模型&VLA&规划,1,singleton,candidate_singleton
PF-S06-0099,Lifting Embodied World Models for Planning and Control,2026,arXiv:2604.26182,arXiv 预印本,https://arxiv.org/abs/2604.26182,2604.26182,,S06-0099,世界模型&VLA&规划,1,singleton,candidate_singleton
PF-S06-0154,Light-WAM: Efficient World Action Models with State-Fusion Action Decoding,2026,arXiv 预印本，2026。【证据：首页】,预印本，未注明会议。【证据：首页】,https://arxiv.org/abs/2606.08242,2606.08242,,S06-0154,世界模型&VLA&规划,1,singleton,candidate_singleton
PF-S06-0169,LiLa-WAM: Lightweight Latent Reasoning World-Action Model for Robotic Manipulation,2026,arXiv preprint (cs.RO; cs.AI)，2026-08-04 提交（v1）。【证据：首页】,预印本，未注明会议。【证据：首页】,https://arxiv.org/abs/2608.03701,2608.03701,,S06-0169,世界模型&VLA&规划,1,singleton,candidate_singleton
PF-S06-0011,"LM-Nav: Robotic navigation with large pre-trained models of language, vision, and action",2023,Conference on robot learning,正式会议论文,https://proceedings.mlr.press/v205/shah23b/shah23b.pdf,,,S06-0011,世界模型&VLA&规划,1,singleton,candidate_singleton
PF-S05-0129,LocoFormer: Generalist Locomotion via Long‑context Adaptation,2025,arXiv preprint,预印本,https://arxiv.org/abs/2509.23745,2509.23745,,S05-0129,数据&模拟&跨本体,1,singleton,candidate_singleton
PF-S05-0050,Lucid-XR: An Extended-Reality Data Engine for Robotic Manipulation,2026,IEEE/RSJ International Conference on Intelligent Robots and Systems (IROS 2026),已接收待发表,https://arxiv.org/abs/2605.00244,2605.00244,,S05-0050,数据&模拟&跨本体,1,singleton,candidate_singleton
PF-S06-0172,"Lumo-2: Towards Predictive, Aligned, and Scalable Robot Learning",2026,arXiv preprint (cs.RO; cs.AI)，2026-07-13 提交（v1）。【证据：首页】,预印本，未注明会议。【证据：首页】,https://arxiv.org/abs/2607.11270,2607.11270,,S06-0172,世界模型&VLA&规划,1,singleton,candidate_singleton
PF-S03-0037,LUMOS: Language-Conditioned Imitation Learning with World Models,2025,ICRA 2025,已发表（ICRA 2025）,https://arxiv.org/abs/2503.10370,2503.10370,,S03-0037,Latent&预测表示,1,singleton,candidate_singleton
PF-S03-0059,LUT: Learning with Unmasked Tokens Drives Stronger Vision Learners,2023,ECCV 2024,已发表（ECCV 2024）,https://arxiv.org/abs/2310.13593,2310.13593,,S03-0059,Latent&预测表示,1,singleton,candidate_singleton
PF-S07-0054,LVBench: An Extreme Long Video Understanding Benchmark,2025,ICCV 2025,正式论文来源,https://openaccess.thecvf.com/content/ICCV2025/html/Wang_LVBench_An_Extreme_Long_Video_Understanding_Benchmark_ICCV_2025_paper.html,,,S07-0054,评估&安全&Benchmark,1,singleton,candidate_singleton
PF-S03-0072,MABL: Bi-Level Latent-Variable World Model for Sample-Efficient Multi-Agent RL,2024,AAMAS 2024,已发表（AAMAS 2024）,https://arxiv.org/abs/2304.06011,2304.06011,,S03-0072,Latent&预测表示,1,singleton,candidate_singleton
PF-S05-0166,Maniflow: A general robot manipulation policy via consistency flow training,2025,arXiv preprint,预印本,https://arxiv.org/abs/2509.01819,2509.01819,,S05-0166,数据&模拟&跨本体,1,singleton,candidate_singleton
PF-S01-0066,ManipDreamer: Boosting Robotic Manipulation World Model with Action Tree and Visual Guidance,2025,arXiv,预印本,https://arxiv.org/abs/2504.16464,2504.16464,,S01-0066 | S06-0062,世界模型&VLA&规划 | 世界模型基础&控制,2,arxiv_id,deterministic_identity
PF-S07-0203,ManiSkill: Generalizable Manipulation Skill Benchmark with Simulation and Real World,2021,github.com,来源待核验,https://github.com/haosulab/ManiSkill,,,S07-0203,评估&安全&Benchmark,1,singleton,candidate_singleton
PF-S07-0017,ManiSkill2: A Unified Benchmark for Generalizable Manipulation Skills,2023,arXiv,预印本/公开稿,https://arxiv.org/abs/2302.04659,2302.04659,,S07-0017,评估&安全&Benchmark,1,singleton,candidate_singleton
PF-S05-0076,ManiSkill3: GPU Parallelized Robot Simulation and Rendering,2024,RSS 2025,会议已接收,https://arxiv.org/abs/2410.00425,2410.00425,,S05-0076,数据&模拟&跨本体,1,singleton,candidate_singleton
PF-S06-0180,Mask World Model (MWM): Predicting What Matters — Robust Generalist Robot Policy Learning via Future Semantic Mask,2026,OpenReview 在投（对应 arXiv:2604.19683）。【证据：openreview forum?id=CWerqtOXif】,在审/预印本（2026；OpenReview PDF 被浏览器校验拦截，内容据 arXiv 全文补全）。【证据：搜索结果；arXiv:2604.19683】,https://openreview.net/pdf?id=CWerqtOXif,,,S06-0180,世界模型&VLA&规划,1,singleton,candidate_singleton
PF-S06-0125,Mask2Real-WM: Segmentation Masks as a Sim-to-Real Bridge for Controllable Dexterous World Models,2026,arXiv预印本（cs.RO）,预印本（v1: 2026-07-05；v2: 2026-08-18）,https://arxiv.org/abs/2607.04546,2607.04546,,S06-0125,世界模型&VLA&规划,1,singleton,candidate_singleton
PF-S07-0110,Masked World Models for Visual Control,2023,proceedings.mlr.press,来源待核验,https://proceedings.mlr.press/v205/seo23a.html,,,S07-0110,评估&安全&Benchmark,1,singleton,candidate_singleton
PF-S01-0028,Mastering Atari Games with Limited Data,2021,NeurIPS 2021 / arXiv,已发表会议论文,https://arxiv.org/abs/2111.00210,2111.00210,,S01-0028 | S07-0103,世界模型基础&控制 | 评估&安全&Benchmark,2,arxiv_id,manual_identity_review
PF-S01-0009,"Mastering Atari, Go, Chess and Shogi by Planning with a Learned Model (MuZero)",2020,Nature 2020,已发表期刊论文,https://doi.org/10.1038/s41586-020-03051-4,1911.08265,10.1038/s41586-020-03051-4,S01-0009 | S02-0060 | S07-0088,世界模型基础&控制 | 视觉&视频世界模型 | 评估&安全&Benchmark,3,manual_merge + normalized_title,manual_identity_review
PF-S01-0011,Mastering Atari with Discrete World Models,2021,ICLR 2021 / arXiv,已发表会议论文,https://arxiv.org/abs/2010.02193,2010.02193,,S01-0011 | S07-0092,世界模型基础&控制 | 评估&安全&Benchmark,2,arxiv_id,manual_identity_review
PF-S01-0016,Mastering Diverse Domains through World Models,2023,arXiv; 后续期刊/会议状态需核对,预印本,https://arxiv.org/abs/2301.04104,2301.04104,,S01-0016 | S02-0028 | S07-0109,世界模型基础&控制 | 视觉&视频世界模型 | 评估&安全&Benchmark,3,arxiv_id,manual_identity_review
PF-S03-0060,MATPAC: Masked Latent Prediction and Classification for Self-Supervised Audio Representation Learning,2025,ICASSP 2025,已发表（ICASSP 2025）,https://arxiv.org/abs/2502.12031,2502.12031,,S03-0060,Latent&预测表示,1,singleton,candidate_singleton
PF-S03-0011,MC-JEPA: A Joint-Embedding Predictive Architecture for Self-Supervised Learning of Motion and Content Features,2023,arXiv,预印本,https://arxiv.org/abs/2307.12698,2307.12698,,S03-0011,Latent&预测表示,1,singleton,candidate_singleton
PF-S06-0187,Mem-World: Memory-Augmented Action-Conditioned World Models for Persistent Robot Manipulation,2026,arXiv 预印本。【证据：PDF 首页】,arXiv 预印本（2026）。【证据：PDF 首页】,https://arxiv.org/abs/2606.18960,2606.18960,,S06-0187,世界模型&VLA&规划,1,singleton,candidate_singleton
PF-S07-0099,Meta-World: A Benchmark and Evaluation for Multi-Task and Meta Reinforcement Learning,2020,arXiv,预印本/公开稿,https://arxiv.org/abs/1910.10897,1910.10897,,S07-0099,评估&安全&Benchmark,1,singleton,candidate_singleton
PF-S07-0061,MetaVQA: Embodied Scene Understanding for Vision-Language Models via MetaVQA,2025,CVPR 2025,正式论文来源,https://openaccess.thecvf.com/content/CVPR2025/html/Wang_Embodied_Scene_Understanding_for_Vision-Language_Models_via_MetaVQA_CVPR_2025_paper.html,,,S07-0061,评估&安全&Benchmark,1,singleton,candidate_singleton
PF-S07-0124,MimicGen: A Data Generation System for Scalable Robot Learning Using Human Demonstrations,2023,arXiv,预印本/公开稿,https://arxiv.org/abs/2310.17596,2310.17596,,S07-0124,评估&安全&Benchmark,1,singleton,candidate_singleton
PF-S01-0091,MimicPlay: Long-Horizon Imitation Learning by Watching Human Play,2023,CoRL 2023,已发表会议论文,https://arxiv.org/abs/2302.12422,2302.12422,,S01-0091 | S05-0080,世界模型基础&控制 | 数据&模拟&跨本体,2,arxiv_id,deterministic_identity
PF-S07-0248,"Mind the Model, Not the Agent: The Primacy Bias in Model-based RL",2023,ECAI 2024,正式发表/会议,https://arxiv.org/abs/2310.15017,2310.15017,,S07-0248,评估&安全&Benchmark,1,singleton,candidate_singleton
PF-S06-0110,MIND-V: Hierarchical World Model for Long-Horizon Robotic Manipulation with RL-based Physical Alignment,2026,arXiv:2512.06628,arXiv 预印本,https://arxiv.org/abs/2512.06628,2512.06628,,S06-0110,世界模型&VLA&规划,1,singleton,candidate_singleton
PF-S07-0106,MineDojo: Building Open-Ended Embodied Agents with Internet-Scale Knowledge,2022,arXiv,预印本/公开稿,https://arxiv.org/abs/2206.08853,2206.08853,,S07-0106,评估&安全&Benchmark,1,singleton,candidate_singleton
PF-S07-0051,Minerva-Ego: Spatiotemporal Hints for Egocentric Video Understanding,2026,CVPR 2026,正式论文来源,https://openaccess.thecvf.com/content/CVPR2026/html/Nagrani_Minerva-Ego_Spatiotemporal_Hints_for_Egocentric_Video_Understanding_CVPR_2026_paper.html,,,S07-0051,评估&安全&Benchmark,1,singleton,candidate_singleton
PF-S07-0199,MiniGrid & MiniWorld: Modular & Customizable Reinforcement Learning Environments,2018,github.com,来源待核验,https://github.com/Farama-Foundation/Minigrid,,,S07-0199,评估&安全&Benchmark,1,singleton,candidate_singleton
PF-S07-0198,MiniHack the Planet: A Sandbox for Open-Ended Reinforcement Learning Research,2021,arXiv,预印本/公开稿,https://arxiv.org/abs/2109.12830,2109.12830,,S07-0198,评估&安全&Benchmark,1,singleton,candidate_singleton
PF-S07-0251,MiraBench: Evaluating Action-Conditioned Reliability in Robotic World Models,2026,arXiv,预印本/未发表,https://arxiv.org/abs/2605.29360,2605.29360,,S07-0251,评估&安全&Benchmark,1,singleton,candidate_singleton
PF-S07-0055,MLVU: Benchmarking Multi-task Long Video Understanding,2025,CVPR 2025,正式论文来源,https://openaccess.thecvf.com/content/CVPR2025/html/Zhou_MLVU_Benchmarking_Multi-task_Long_Video_Understanding_CVPR_2025_paper.html,,,S07-0055,评估&安全&Benchmark,1,singleton,candidate_singleton
PF-S07-0057,MMVU: Measuring Expert-Level Multi-Discipline Video Understanding,2025,CVPR 2025,正式论文来源,https://openaccess.thecvf.com/content/CVPR2025/html/Zhao_MMVU_Measuring_Expert-Level_Multi-Discipline_Video_Understanding_CVPR_2025_paper.html,,,S07-0057,评估&安全&Benchmark,1,singleton,candidate_singleton
PF-S07-0146,Mobile ALOHA: Learning Bimanual Mobile Manipulation with Low-Cost Whole-Body Teleoperation,2024,arXiv,预印本/公开稿,https://arxiv.org/abs/2401.02117,2401.02117,,S07-0146,评估&安全&Benchmark,1,singleton,candidate_singleton
PF-S01-0049,Model-Based Imitation Learning for Urban Driving,2022,NeurIPS 2022 / arXiv,已发表会议论文,https://arxiv.org/abs/2210.07729,2210.07729,,S01-0049,世界模型基础&控制,1,singleton,candidate_singleton
PF-S07-0082,Model-Based Policy Optimization,2019,arXiv,预印本/公开稿,https://arxiv.org/abs/1906.0823,1906.0823,,S07-0082,评估&安全&Benchmark,1,singleton,candidate_singleton
PF-S01-0010,Model-Based Reinforcement Learning for Atari,2019,NeurIPS 2019 / arXiv,已发表会议论文,https://arxiv.org/abs/1903.00374,1903.00374,,S01-0010 | S07-0081,世界模型基础&控制 | 评估&安全&Benchmark,2,arxiv_id,manual_identity_review
PF-S01-0043,Model-Based Reinforcement Learning via Meta-Policy Optimization,2018,CoRL 2018 / PMLR,已发表会议论文,https://proceedings.mlr.press/v87/clavera18a.html,,,S01-0043,世界模型基础&控制,1,singleton,candidate_singleton
PF-S07-0158,Model-Based Runtime Monitoring with Interactive Imitation Learning,2024,ICRA 2024,正式发表/会议,https://arxiv.org/abs/2310.17552,2310.17552,,S07-0158,评估&安全&Benchmark,1,singleton,candidate_singleton
PF-S01-0029,Model-Based Value Estimation for Efficient Model-Free Reinforcement Learning,2018,NeurIPS 2018 / arXiv,已发表会议论文,https://arxiv.org/abs/1803.00101,1803.00101,,S01-0029,世界模型基础&控制,1,singleton,candidate_singleton
PF-S01-0042,Model-ensemble Trust-region Policy Optimization,2018,ICLR 2018 / arXiv,已发表会议论文,https://arxiv.org/abs/1802.10592,1802.10592,,S01-0042,世界模型基础&控制,1,singleton,candidate_singleton
PF-S03-0064,Modeling Unknown Stochastic Dynamical System via Autoencoder,2024,JMLMC 2024,已发表（JMLMC 2024）,https://arxiv.org/abs/2312.10001,2312.10001,,S03-0064,Latent&预测表示,1,singleton,candidate_singleton
PF-S03-0040,MoDem-V2: Visuo-Motor World Models for Real-World Robot Manipulation,2023,arXiv,预印本（arXiv:2309.14236）,https://arxiv.org/abs/2309.14236,2309.14236,,S03-0040,Latent&预测表示,1,singleton,candidate_singleton
PF-S07-0249,Modular Safety Guardrails Are Necessary for Foundation-Model-Enabled Robots in the Real World,2026,arXiv,预印本/未发表,https://arxiv.org/abs/2602.04056,2602.04056,,S07-0249,评估&安全&Benchmark,1,singleton,candidate_singleton
PF-S04-0047,MONet: Unsupervised Scene Decomposition and Representation,2019,arXiv:1901.11390；无监督对象中心场景分解工作,正式会议论文,https://arxiv.org/abs/1901.11390,1901.11390,,S04-0047,结构化物理&多模态,1,singleton,candidate_singleton
PF-S01-0044,MOPO: Model-based Offline Policy Optimization,2020,NeurIPS 2020 / arXiv,已发表会议论文,https://arxiv.org/abs/2005.13239,2005.13239,,S01-0044 | S07-0089,世界模型基础&控制 | 评估&安全&Benchmark,2,arxiv_id,deterministic_identity
PF-S01-0045,MOReL: Model-Based Offline Reinforcement Learning,2020,NeurIPS 2020 / arXiv,已发表会议论文,https://arxiv.org/abs/2005.05951,2005.05951,,S01-0045 | S07-0090,世界模型基础&控制 | 评估&安全&Benchmark,2,arxiv_id,deterministic_identity
PF-S07-0047,MotionBench: Benchmarking and Improving Fine-grained Video Motion Understanding for Vision Language Models,2025,arXiv,预印本/公开稿,https://arxiv.org/abs/2501.02955,2501.02955,,S07-0047,评估&安全&Benchmark,1,singleton,candidate_singleton
PF-S06-0043,Motubrain: An Advanced World Action Model for Robot Control,2026,arXiv preprint（arXiv:2604.27792v1）,arXiv preprint,https://arxiv.org/abs/2604.27792,2604.27792,,S06-0043,世界模型&VLA&规划,1,singleton,candidate_singleton
PF-S05-0063,Motus: A Unified Latent Action World Model,2026,CVPR 2026,正式会议论文,https://openaccess.thecvf.com/content/CVPR2026/html/Bi_Motus_A_Unified_Latent_Action_World_Model_CVPR_2026_paper.html,,,S05-0063 | S06-0049 | S07-0069,世界模型&VLA&规划 | 数据&模拟&跨本体 | 评估&安全&Benchmark,3,normalized_title,deterministic_identity
PF-S05-0002,MuJoCo: A physics engine for model-based control,2012,mujoco.org,来源待核验,https://mujoco.org/,,,S05-0002 | S07-0238,数据&模拟&跨本体 | 评估&安全&Benchmark,2,normalized_title,deterministic_identity
PF-S05-0075,MuJoCo Playground,2025,RSS 2025,会议已接收,https://arxiv.org/abs/2502.08844,2502.08844,,S05-0075,数据&模拟&跨本体,1,singleton,candidate_singleton
PF-S04-0037,Multi-modal world model for physical robot interactions: Simultaneous visual and tactile predictions for enhanced accuracy,2026,Robotics and Autonomous Systems 204,已在线/期刊文章；正式卷期日期需核对,https://doi.org/10.1016/j.robot.2026.105512,,10.1016/j.robot.2026.105512,S04-0037,结构化物理&多模态,1,singleton,candidate_singleton
PF-S04-0048,Multi-Object Representation Learning with Iterative Variational Inference,2019,ICML 2019；PMLR 97；arXiv:1903.00450,正式会议论文,https://proceedings.mlr.press/v97/greff19a.html,,,S04-0048,结构化物理&多模态,1,singleton,candidate_singleton
PF-S03-0017,Multi-step Predictive Coding Leads To Simplicity Bias,2025,arXiv,预印本（arXiv:2511.09290）,https://arxiv.org/abs/2511.09290,2511.09290,,S03-0017,Latent&预测表示,1,singleton,candidate_singleton
PF-S01-0031,Multi-View Masked World Models for Visual Robotic Manipulation,2023,CoRL 2023 / PMLR 2023 / arXiv,已发表会议论文,https://arxiv.org/abs/2302.02408,2302.02408,,S01-0031,世界模型基础&控制,1,singleton,candidate_singleton
PF-S04-0015,Multimodal fusion and vision-language models: A survey for robot vision,2026,Information Fusion,期刊/正式出版,https://doi.org/10.1016/j.inffus.2025.103652,,10.1016/j.inffus.2025.103652,S04-0015,结构化物理&多模态,1,singleton,candidate_singleton
PF-S05-0124,MV‑UMI: A Scalable Multi‑View Interface for Cross‑Embodiment Learning,2025,IEEE RA‑L,期刊正式出版,https://ieeexplore.ieee.org/stamp/stamp.jsp?arnumber=11594803,,,S05-0124,数据&模拟&跨本体,1,singleton,candidate_singleton
PF-S06-0118,N₀-TWAM: Scaling Tactile-Native World-Action Model for Contact-Rich Manipulation,2026,arXiv预印本（cs.RO）,预印本（2026-07-26）,https://arxiv.org/abs/2607.23783,2607.23783,,S06-0118,世界模型&VLA&规划,1,singleton,candidate_singleton
PF-S06-0109,NavForesee: A Unified Vision-Language World Model for Hierarchical Planning and Dual-Horizon Navigation Prediction,2026,arXiv:2512.01550v2,预印本（2026-03-13；未核到正式会议版本）,https://arxiv.org/abs/2512.01550v2,2512.01550,,S06-0109,世界模型&VLA&规划,1,singleton,candidate_singleton
PF-S03-0057,NavFormer: Transformer Architecture for Robot Target-Driven Navigation,2024,IEEE RA-L 2024,已发表（IEEE RA-L 2024）,https://arxiv.org/abs/2402.06838,2402.06838,,S03-0057,Latent&预测表示,1,singleton,candidate_singleton
PF-S06-0018,NaVid: Video-based VLM plans the next step for vision-and-language navigation,2024,Proceedings of robotics: Science and systems,正式会议论文,https://arxiv.org/abs/2402.15852,2402.15852,,S06-0018,世界模型&VLA&规划,1,singleton,candidate_singleton
PF-S06-0036,NaVIDA: Vision-language navigation with inverse dynamics augmentation,2026,,版本待核验,https://arxiv.org/abs/2601.18188,2601.18188,,S06-0036,世界模型&VLA&规划,1,singleton,candidate_singleton
PF-S06-0186,NavThinker: Action-Conditioned World Models for Coupled Prediction and Planning in Social Navigation,2026,arXiv 预印本（论文未标注会议/期刊）。【证据：PDF 页眉】,arXiv 预印本（2026）。【证据：PDF 首页】,https://arxiv.org/abs/2603.15359,2603.15359,,S06-0186,世界模型&VLA&规划,1,singleton,candidate_singleton
PF-S01-0004,Neural Network Dynamics for Model-Based Deep Reinforcement Learning with Model-Free Fine-Tuning,2018,ICRA 2018,已发表会议论文,https://arxiv.org/abs/1708.02596,1708.02596,,S01-0004,世界模型基础&控制,1,singleton,candidate_singleton
PF-S01-0080,Neural Relational Inference for Interacting Systems,2018,Proceedings of the 35th International Conference on Machine Learning; PMLR 80:2688-2697,正式会议论文（ICML 2018）,https://proceedings.mlr.press/v80/kipf18a.html,1802.04687,,S01-0080 | S04-0053,世界模型基础&控制 | 结构化物理&多模态,2,normalized_title,deterministic_identity
PF-S04-0026,NewtonianVAE: Proportional Control and Goal Identification from Pixels via Physical Latent Spaces,2021,"Proceedings of the IEEE/CVF Conference on Computer Vision and Pattern Recognition (CVPR 2021), 4454-4463",正式会议论文,https://doi.org/10.1109/CVPR46437.2021.00443,,10.1109/CVPR46437.2021.00443,S04-0026,结构化物理&多模态,1,singleton,candidate_singleton
PF-S02-0041,Next-Embedding Prediction Makes Strong Vision Learners (NEPA),2025,arXiv 2025,预印本,https://arxiv.org/abs/2512.16922,2512.16922,,S02-0041,视觉&视频世界模型,1,singleton,candidate_singleton
PF-S07-0208,NExT-QA: Next Phase of Question-Answering to Explain the World in Videos,2021,arXiv,预印本/公开稿,https://arxiv.org/abs/2104.08232,2104.08232,,S07-0208,评估&安全&Benchmark,1,singleton,candidate_singleton
PF-S06-0072,NORA-1.5: VLA Trained using World Model- and Action-based Preference Rewards,2026,arXiv（arXiv:2511.14659）,arXiv 预印本（2025-11）,https://arxiv.org/abs/2511.14659,2511.14659,,S06-0072,世界模型&VLA&规划,1,singleton,candidate_singleton
PF-S07-0232,nuPlan: A Closed-Loop ML-Based Planning Benchmark for Autonomous Vehicles,2021,nuplan.org,来源待核验,https://nuplan.org/,,,S07-0232,评估&安全&Benchmark,1,singleton,candidate_singleton
PF-S07-0233,nuScenes: A Multimodal Dataset for Autonomous Driving,2020,arXiv,预印本/公开稿,https://arxiv.org/abs/1903.11027,1903.11027,,S07-0233,评估&安全&Benchmark,1,singleton,candidate_singleton
PF-S04-0040,OA-WAM: Object-Addressable World Action Model for Robust Robot Manipulation,2026,arXiv preprint,预印本（2026；未见正式同行评审信息）,https://arxiv.org/abs/2605.06481,2605.06481,,S04-0040 | S06-0111,世界模型&VLA&规划 | 结构化物理&多模态,2,arxiv_id,deterministic_identity
PF-S02-0015,Oasis: A Universe in a Transformer,2024,项目页/技术博客,预印本/博客,https://oasis-model.github.io/,,,S02-0015,视觉&视频世界模型,1,singleton,candidate_singleton
PF-S04-0023,Object-Centric Learning with Slot Attention,2020,Advances in Neural Information Processing Systems 33 (NeurIPS 2020),正式会议论文（NeurIPS 2020）,https://papers.nips.cc/paper/2020/hash/8511df98c02ab60aea1b2356c013bc0f-Abstract.html,,,S04-0023,结构化物理&多模态,1,singleton,candidate_singleton
PF-S01-0050,OccWorld: Learning a 3D Occupancy World Model for Autonomous Driving,2024,ECCV 2024,正式会议论文,https://www.ecva.net/papers/eccv_2024/papers_ECCV/html/2024_ECCV_2024_paper.php,2311.16038,,S01-0050 | S07-0115,世界模型基础&控制 | 评估&安全&Benchmark,2,normalized_title,deterministic_identity
PF-S01-0063,Octo: An Open-Source Generalist Robot Policy,2024,RSS 2024 / arXiv,已发表/开源技术论文,https://arxiv.org/abs/2405.12213,2405.12213,,S01-0063 | S06-0019 | S07-0126,世界模型&VLA&规划 | 世界模型基础&控制 | 评估&安全&Benchmark,3,arxiv_id,deterministic_identity
PF-S06-0086,Offline Robotic World Model: Learning Robotic Policies without a Physics Simulator,2026,arXiv:2504.16680,arXiv 预印本（投稿中，代码将开源）,https://arxiv.org/abs/2504.16680,2504.16680,,S06-0086,世界模型&VLA&规划,1,singleton,candidate_singleton
PF-S05-0172,OmniHumanoid: Streaming Cross-Embodiment Video Generation with Paired-Free Adaptation,2026,arXiv preprint,预印本,https://arxiv.org/abs/2605.12038,2605.12038,,S05-0172,数据&模拟&跨本体,1,singleton,candidate_singleton
PF-S07-0223,OmniSafe: An Open-Source Generalized Infrastructure for Safe Reinforcement Learning,2023,arXiv,预印本/公开稿,https://arxiv.org/abs/2305.09393,2305.09393,,S07-0223,评估&安全&Benchmark,1,singleton,candidate_singleton
PF-S05-0132,"One Policy, Many Embodiments: Unified Camera-Centric Action Geometry Pre-training for Heterogeneous Embodied Manipulation",2026,arXiv 预印本,预印本,https://arxiv.org/abs/2608.26058,2608.26058,,S05-0132 | S06-0196,世界模型&VLA&规划 | 数据&模拟&跨本体,2,arxiv_id,manual_identity_review
PF-S01-0065,Open X-Embodiment: Robotic Learning Datasets and RT-X Models,2023,ICRA 2024 / arXiv,已发表会议论文,https://arxiv.org/abs/2310.08864,2310.08864,,S01-0065 | S05-0016 | S07-0123,世界模型基础&控制 | 数据&模拟&跨本体 | 评估&安全&Benchmark,3,arxiv_id + normalized_title,deterministic_identity
PF-S07-0192,OpenAI Gym,2016,arXiv,预印本/公开稿,https://arxiv.org/abs/1606.01540,1606.01540,,S07-0192,评估&安全&Benchmark,1,singleton,candidate_singleton
PF-S07-0241,OpenAI Retro: A Platform for Reinforcement Learning Research on Video Games,2018,github.com,来源待核验,https://github.com/openai/retro,,,S07-0241,评估&安全&Benchmark,1,singleton,candidate_singleton
PF-S06-0020,OpenVLA: An Open-Source Vision-Language-Action Model,2024,arXiv preprint（arXiv:2406.09246；CoRL 2024）,会议论文（CoRL 2024）,https://arxiv.org/abs/2406.09246,2406.09246,,S06-0020 | S07-0127,世界模型&VLA&规划 | 评估&安全&Benchmark,2,arxiv_id,deterministic_identity
PF-S05-0056,OpenWAM: Open Research Stack for World-Action Modeling,2026,Robotics: Science and Systems (RSS 2026),已接收待发表,https://arxiv.org/abs/2609.07398,2609.07398,,S05-0056,数据&模拟&跨本体,1,singleton,candidate_singleton
PF-S05-0013,Orbit: A unified simulation framework for interactive robot learning environments,2023,IEEE Robotics and Automation Letters,期刊/正式出版,https://ieeexplore.ieee.org/abstract/document/10107764,,,S05-0013,数据&模拟&跨本体,1,singleton,candidate_singleton
PF-S06-0091,ORV: 4D Occupancy-centric Robot Video Generation,2026,arXiv:2506.03079（正文标 Preprint. Under review）,arXiv 预印本,https://arxiv.org/abs/2506.03079,2506.03079,,S06-0091,世界模型&VLA&规划,1,singleton,candidate_singleton
PF-S05-0189,OSCAR: Omni‑Embodiment Action‑Conditioned World Model for Robotics,2026,arXiv preprint,预印本,https://arxiv.org/abs/2606.04463,2606.04463,,S05-0189,数据&模拟&跨本体,1,singleton,candidate_singleton
PF-S07-0058,OVO-Bench: How Far is Your Video-LLMs from Real-World Online Video Understanding?,2025,CVPR 2025,正式论文来源,https://openaccess.thecvf.com/content/CVPR2025/html/Niu_OVO-Bench_How_Far_is_Your_Video-LLMs_from_Real-World_Online_Video_CVPR_2025_paper.html,,,S07-0058,评估&安全&Benchmark,1,singleton,candidate_singleton
PF-S05-0035,OXE-AugE: A Large-Scale Robot Augmentation of OXE for Scaling Cross-Embodiment Policy Learning,2026,"International Conference on Machine Learning (ICML 2026, Spotlight)",已接收待发表,https://arxiv.org/abs/2512.13100,2512.13100,,S05-0035 | S05-0180,数据&模拟&跨本体,2,arxiv_id,manual_identity_review
PF-S07-0035,PAI-Bench: A Comprehensive Benchmark For Physical AI,2026,CVPR 2026,正式论文来源,https://openaccess.thecvf.com/content/CVPR2026/html/Zhou_PAI-Bench_A_Comprehensive_Benchmark_For_Physical_AI_CVPR_2026_paper.html,,,S07-0035,评估&安全&Benchmark,1,singleton,candidate_singleton
PF-S06-0130,PAIWorld: A 3D-Consistent World Foundation Model for Robotic Manipulation,2026,arXiv预印本（cs.RO）,预印本（v3: 2026-06-23）,https://arxiv.org/abs/2606.18375,2606.18375,,S06-0130,世界模型&VLA&规划,1,singleton,candidate_singleton
PF-S01-0064,PaLM-E: An Embodied Multimodal Language Model,2023,ICML 2023 / arXiv,已发表会议论文,https://arxiv.org/abs/2303.03378,2303.03378,,S01-0064 | S06-0012,世界模型&VLA&规划 | 世界模型基础&控制,2,arxiv_id,deterministic_identity
PF-S06-0073,PAVE: Predictive Alignment and Value-Guided Evolution for World-Action Policies,2026,arXiv 预印本。【证据：PDF】,预印本（2026）。【证据：PDF】,https://arxiv.org/abs/2608.30378,2608.30378,,S06-0073,世界模型&VLA&规划,1,singleton,candidate_singleton
PF-S06-0190,PAVXploreRL: Physical-Action-Visual World Model Reinforcement Learning with Action Exploration,2026,arXiv 预印本（开源 GitHub）。【证据：PDF 首页】,arXiv 预印本（2026）。【证据：PDF 首页】,https://arxiv.org/abs/2607.16602,2607.16602,,S06-0190,世界模型&VLA&规划,1,singleton,candidate_singleton
PF-S07-0138,PerAct: Perceiver-Actor: A General Transformer for Robotic Manipulation,2022,arXiv,预印本/公开稿,https://arxiv.org/abs/2209.05451,2209.05451,,S07-0138,评估&安全&Benchmark,1,singleton,candidate_singleton
PF-S07-0019,PhyBlock: A progressive benchmark for physical understanding and planning via 3D block assembly,2025,Advances in neural information processing systems,正式会议论文,https://proceedings.neurips.cc/paper_files/paper/2025/hash/9e97206b14d09c0da5c7fea47a67c6ac-Abstract-Datasets_and_Benchmarks_Track.html,,,S07-0019,评估&安全&Benchmark,1,singleton,candidate_singleton
PF-S04-0028,PHYRE: A New Benchmark for Physical Reasoning,2019,Advances in Neural Information Processing Systems 32 (NeurIPS 2019),正式会议论文,https://arxiv.org/abs/1908.05656,1908.05656,,S04-0028 | S07-0083,结构化物理&多模态 | 评估&安全&Benchmark,2,arxiv_id,deterministic_identity
PF-S05-0115,PhysBrain: Human Egocentric Data as a Bridge from Vision Language Models to Physical Intelligence,2025,arXiv 预印本,预印本,https://arxiv.org/abs/2512.16793,2512.16793,,S05-0115,数据&模拟&跨本体,1,singleton,candidate_singleton
PF-S05-0177,"Physical AI: The Convergence of Foundation Models, Sim-to-Real Transfer, and Embodied Intelligence",2025,Journal of Machine Intelligence (JMIS),期刊正式出版,https://www.jmis.org/archive/view_article?pid=jmis-13-2-53,,,S05-0177,数据&模拟&跨本体,1,singleton,candidate_singleton
PF-S01-0086,Physics-as-Inverse-Graphics: Unsupervised Physical Parameter Estimation from Video,2020,ICLR 2020 / arXiv,已发表会议论文,https://arxiv.org/abs/1905.11169,1905.11169,,S01-0086,世界模型基础&控制,1,singleton,candidate_singleton
PF-S04-0005,Physics-informed neural networks: A deep learning framework for solving forward and inverse problems involving nonlinear partial differential equations,2019,Journal of Computational Physics,期刊/正式出版,https://doi.org/10.1016/j.jcp.2018.10.045,,10.1016/j.jcp.2018.10.045,S04-0005 | S04-0021,结构化物理&多模态,2,manual_merge,manual_identity_review
PF-S04-0027,Physion: Evaluating Physical Prediction from Vision in Humans and Machines,2021,NeurIPS 2021 Datasets and Benchmarks Track,正式会议论文,https://arxiv.org/abs/2106.08261,2106.08261,,S04-0027 | S07-0093,结构化物理&多模态 | 评估&安全&Benchmark,2,arxiv_id,deterministic_identity
PF-S06-0023,\pi_0.5: A vision-language-action model with open-world generalization,2025,Proceedings of the 9th conference on robot learning,正式会议论文,https://arxiv.org/abs/2504.16054,2504.16054,,S06-0023,世界模型&VLA&规划,1,singleton,candidate_singleton
PF-S01-0096,$\pi_0$: A Vision-Language-Action Flow Model for General Robot Control,2025,RSS 2025 / arXiv,已发表会议论文,https://arxiv.org/abs/2410.24164,2410.24164,,S01-0096 | S02-0024 | S06-0017,世界模型&VLA&规划 | 世界模型基础&控制 | 视觉&视频世界模型,3,arxiv_id,manual_identity_review
PF-S06-0084,PIGDreamer: Privileged Information Guided World Models for Safe Partially Observable RL,2026,"PMLR v267, ICML 2025（arXiv:2508.02159）",会议正式发表（ICML 2025）,https://arxiv.org/abs/2508.02159,2508.02159,,S06-0084,世界模型&VLA&规划,1,singleton,candidate_singleton
PF-S01-0024,PILCO: A Model-Based and Data-Efficient Approach to Policy Search,2011,ICML 2011,已发表会议论文,https://proceedings.mlr.press/v20/deisenroth11.html,,,S01-0024,世界模型基础&控制,1,singleton,candidate_singleton
PF-S07-0160,PlayFusion: Skill Acquisition via Diffusion from Language-Annotated Play,2023,arXiv,预印本/公开稿,https://arxiv.org/abs/2303.01497,2303.01497,,S07-0160,评估&安全&Benchmark,1,singleton,candidate_singleton
PF-S07-0175,Point Cloud Models Improve Visual Robustness in Robotic Learners,2024,OpenReview,预印本/公开稿,https://openreview.net/forum?id=7yyowBgOny,,,S07-0175,评估&安全&Benchmark,1,singleton,candidate_singleton
PF-S05-0027,PointWorld: Scaling 3D World Models for In-The-Wild Robotic Manipulation,2026,Computer Vision and Pattern Recognition (CVPR) 2026,"已发表（CVPR 2026, pp. 20765-20779）",https://arxiv.org/abs/2601.03782,2601.03782,,S05-0027 | S06-0129,世界模型&VLA&规划 | 数据&模拟&跨本体,2,arxiv_id,deterministic_identity
PF-S03-0042,PolyGRAD: World Models via Policy-Guided Trajectory Diffusion,2023,TMLR 2024,已发表（TMLR 2024）,https://arxiv.org/abs/2312.08533,2312.08533,,S03-0042,Latent&预测表示,1,singleton,candidate_singleton
PF-S06-0094,Pre-Trained Video Generative Models as World Simulators,2026,"AAAI-26, 40(6):4645–4653, DOI 10.1609/aaai.v40i6.42465；arXiv:2502.07825",会议正式发表（AAAI-26）,https://ojs.aaai.org/index.php/AAAI/article/view/42465,,,S06-0094,世界模型&VLA&规划,1,singleton,candidate_singleton
PF-S03-0020,Predictive Coding beyond Correlations,2024,ICML 2024,已发表（ICML 2024）,https://arxiv.org/abs/2306.15479,2306.15479,,S03-0020,Latent&预测表示,1,singleton,candidate_singleton
PF-S06-0069,PredVLA: Predictive Sensorimotor Modeling for Sub-Million-Parameter Robot Manipulation,2026,arXiv（arXiv:2608.26673）,arXiv 预印本（2026-08）,https://arxiv.org/abs/2608.26673,2608.26673,,S06-0069 | S06-0182,世界模型&VLA&规划,2,arxiv_id,manual_identity_review
PF-S02-0058,Premier-TACO: Pretraining Multitask Representation via Temporal Action-Driven Contrastive Loss,2024,ICML 2024,正式会议论文,https://arxiv.org/abs/2402.06187,2402.06187,,S02-0058,视觉&视频世界模型,1,singleton,candidate_singleton
PF-S03-0039,PrivilegedDreamer: Explicit Imagination of Privileged Information for Rapid Adaptation,2025,ICRA 2025,已发表（ICRA 2025）,https://arxiv.org/abs/2502.11377,2502.11377,,S03-0039,Latent&预测表示,1,singleton,candidate_singleton
PF-S07-0108,ProcTHOR: Large-Scale Embodied AI Using Procedural Generation,2022,arXiv,预印本/公开稿,https://arxiv.org/abs/2206.06994,2206.06994,,S07-0108,评估&安全&Benchmark,1,singleton,candidate_singleton
PF-S06-0013,ProgPrompt: Generating situated robot task plans using large language models,2023,IEEE International Conference on Robotics and Automation,期刊/正式出版,https://arxiv.org/abs/2209.11302,2209.11302,,S06-0013,世界模型&VLA&规划,1,singleton,candidate_singleton
PF-S01-0082,Propagation Networks for Model-Based Control Under Partial Observation,2019,ICRA 2019 / arXiv,已发表会议论文,https://arxiv.org/abs/1809.11169,1809.11169,,S01-0082,世界模型基础&控制,1,singleton,candidate_singleton
PF-S06-0184,PSR: Predictive Sensorimotor Representation Learning for Contact-Rich Manipulation,2026,arXiv 预印本。【证据：PDF】,预印本（2026）。【证据：PDF】,https://arxiv.org/abs/2609.21753,2609.21753,,S06-0184,世界模型&VLA&规划,1,singleton,candidate_singleton
PF-S07-0059,Q-Bench-Video: Benchmark the Video Quality Understanding of LMMs,2025,CVPR 2025,正式论文来源,https://openaccess.thecvf.com/content/CVPR2025/html/Zhang_Q-Bench-Video_Benchmark_the_Video_Quality_Understanding_of_LMMs_CVPR_2025_paper.html,,,S07-0059,评估&安全&Benchmark,1,singleton,candidate_singleton
PF-S07-0143,Q-Transformer: Scalable Offline Reinforcement Learning via Autoregressive Q-Functions,2023,arXiv,预印本/公开稿,https://arxiv.org/abs/2309.10150,2309.10150,,S07-0143,评估&安全&Benchmark,1,singleton,candidate_singleton
PF-S07-0242,Quantifying Generalization in Reinforcement Learning,2019,arXiv,预印本/公开稿,https://arxiv.org/abs/1810.12282,1810.12282,,S07-0242,评估&安全&Benchmark,1,singleton,candidate_singleton
PF-S07-0036,QUANTIPHY: A Quantitative Benchmark Evaluating Physical Reasoning Abilities of Vision-Language Models,2026,CVPR 2026,正式论文来源,https://openaccess.thecvf.com/content/CVPR2026/html/Puyin_QUANTIPHY_A_Quantitative_Benchmark_Evaluating_Physical_Reasoning_Abilities_of_Vision-Language_CVPR_2026_paper.html,,,S07-0036,评估&安全&Benchmark,1,singleton,candidate_singleton
PF-S07-0152,Quantitative Video World Model Evaluation for Geometric-Consistency,2026,arXiv,预印本/公开稿,https://arxiv.org/abs/2605.15185,2605.15185,,S07-0152,评估&安全&Benchmark,1,singleton,candidate_singleton
PF-S03-0003,R3M: A universal visual representation for robot manipulation,2022,Conference on robot learning,正式会议论文,,,,S03-0003,Latent&预测表示,1,singleton,candidate_singleton
PF-S05-0163,R³Sim: Generating high‑fidelity simulation data via 3d‑photorealistic real‑to‑sim for robotic manipulation,2025,arXiv preprint,预印本,https://arxiv.org/abs/2502.08645,2502.08645,,S05-0163,数据&模拟&跨本体,1,singleton,candidate_singleton
PF-S07-0170,RBench: Robotics Benchmark for Video World Models,2026,OpenReview,预印本/公开稿,https://openreview.net/pdf?id=LH2Fixs2so,,,S07-0170,评估&安全&Benchmark,1,singleton,candidate_singleton
PF-S06-0021,RDT-1B: A diffusion foundation model for bimanual manipulation,2024,arXiv preprint arXiv:2410.07864,预印本/公开稿,https://proceedings.iclr.cc/paper_files/paper/2025/file/49f80e4d2471ad4f2edf4f5f1ab62339-Paper-Conference.pdf,,,S06-0021,世界模型&VLA&规划,1,singleton,candidate_singleton
PF-S05-0178,Re-Mix: Optimizing Data Mixtures for Large Scale Imitation Learning,2024,arXiv preprint,预印本,https://arxiv.org/abs/2408.14037,2408.14037,,S05-0178,数据&模拟&跨本体,1,singleton,candidate_singleton
PF-S05-0161,ReBot: Scaling Robot Learning with Real‑to‑Sim‑to‑Real Robotic Video Synthesis,2025,arXiv preprint,预印本,https://arxiv.org/abs/2503.14526,2503.14526,,S05-0161,数据&模拟&跨本体,1,singleton,candidate_singleton
PF-S07-0212,Recurrent World Models Facilitate Policy Evolution,2018,arXiv,预印本/公开稿,https://arxiv.org/abs/1809.01999,1809.01999,,S07-0212,评估&安全&Benchmark,1,singleton,candidate_singleton
PF-S03-0069,ReinboT: Amplifying Robot Visual-Language Manipulation with Reinforcement Learning,2025,ICML 2025,已发表（ICML 2025）,https://arxiv.org/abs/2505.07395,2505.07395,,S03-0069,Latent&预测表示,1,singleton,candidate_singleton
PF-S06-0022,ReKep: Spatio-temporal reasoning of relational keypoint constraints for robotic manipulation,2024,Conference on Robot Learning,期刊/正式出版,https://arxiv.org/abs/2409.01652,2409.01652,,S06-0022,世界模型&VLA&规划,1,singleton,candidate_singleton
PF-S02-0061,Representation Learning with Contrastive Predictive Coding (CPC),2018,arXiv 2018（奠基性高被引预印本）,预印本（奠基经典）,https://arxiv.org/abs/1807.03748,1807.03748,,S02-0061,视觉&视频世界模型,1,singleton,candidate_singleton
PF-S06-0152,RepWAM: World Action Modeling with Representation Visual-Action Tokenizers,2026,arXiv 预印本（cs.RV/cs.CV），2026。【证据：PDF 首页】,预印本，未注明会议/期刊。【证据：首页无接收信息】,https://arxiv.org/abs/2606.13674,2606.13674,,S06-0152,世界模型&VLA&规划,1,singleton,candidate_singleton
PF-S07-0165,ResponsibleRobotBench: Benchmarking Responsible Robot Manipulation using Multi-modal Large Language Models,2025,arXiv,预印本/公开稿,https://arxiv.org/abs/2512.04308,2512.04308,,S07-0165,评估&安全&Benchmark,1,singleton,candidate_singleton
PF-S07-0211,REVERIE: Remote Embodied Visual Referring Expression in Real Indoor Environments,2019,arXiv,预印本/公开稿,https://arxiv.org/abs/1903.00552,1903.00552,,S07-0211,评估&安全&Benchmark,1,singleton,candidate_singleton
PF-S02-0019,Revisiting Feature Prediction for Learning Visual Representations from Video,2024,TMLR 2024,期刊（TMLR）,https://arxiv.org/abs/2404.08471,2404.08471,,S02-0019 | S03-0007 | S05-0096 | S07-0118,Latent&预测表示 | 数据&模拟&跨本体 | 视觉&视频世界模型 | 评估&安全&Benchmark,4,arxiv_id + manual_merge + normalized_title,manual_identity_review
PF-S01-0038,Riemann-1.0: An Embodied World Action Model for Physical AI,2026,arXiv cs.RO,预印本（2026-08-27提交）,https://arxiv.org/abs/2608.27033,2608.27033,,S01-0038 | S06-0042,世界模型&VLA&规划 | 世界模型基础&控制,2,arxiv_id,deterministic_identity
PF-S06-0080,RISE: Self-Improving Robot Policy with Compositional World Model,2026,Robotics: Science and Systems (RSS) 2026,已接收（RSS 2026）,https://arxiv.org/abs/2602.11075,2602.11075,,S06-0080,世界模型&VLA&规划,1,singleton,candidate_singleton
PF-S07-0009,RLBench: The robot learning benchmark and learning environment,2020,IEEE Robotics and Automation Letters,期刊/正式出版,https://doi.org/10.1109/LRA.2020.2974707,1909.12271,10.1109/LRA.2020.2974707,S07-0009 | S07-0098,评估&安全&Benchmark,2,normalized_title,deterministic_identity
PF-S07-0178,Robo-Instruct: Simulator-Augmented Instruction Alignment for Finetuning CodeLLMs,2024,OpenReview,预印本/公开稿,https://openreview.net/forum?id=LnJ2EGKTXh,,,S07-0178,评估&安全&Benchmark,1,singleton,candidate_singleton
PF-S05-0066,RoboAgent: Generalization and Efficiency in Robot Manipulation via Semantic Augmentations and Action Chunking,2023,RSS 2024,会议已接收,https://arxiv.org/abs/2309.01918,2309.01918,,S05-0066,数据&模拟&跨本体,1,singleton,candidate_singleton
PF-S07-0018,RoboCasa: Large-Scale Simulation of Everyday Tasks for Generalist Robots,2024,arXiv,预印本/公开稿,https://arxiv.org/abs/2406.02523,2406.02523,,S07-0018,评估&安全&Benchmark,1,singleton,candidate_singleton
PF-S07-0134,RoboCasa365: A Large-Scale Simulation Framework for Training and Benchmarking Generalist Robots,2026,arXiv,预印本/公开稿,https://arxiv.org/abs/2603.04356,2603.04356,,S07-0134,评估&安全&Benchmark,1,singleton,candidate_singleton
PF-S06-0014,RoboCat: A self-improving foundation agent for robotic manipulation,2023,arXiv preprint arXiv:2306.11706,预印本/公开稿,https://arxiv.org/abs/2306.11706,2306.11706,,S06-0014 | S07-0145,世界模型&VLA&规划 | 评估&安全&Benchmark,2,manual_merge,metadata_corrected + manual_identity_review
PF-S05-0041,RoboCLIP: One Demonstration is Enough to Learn Robot Policies,2026,Conference on Robot Learning (CoRL 2026),已接收待发表,https://proceedings.neurips.cc/paper_files/paper/2023/file/ae54ce310476218f26dd48c1626d5187-Paper-Conference.pdf,,,S05-0041,数据&模拟&跨本体,1,singleton,candidate_singleton
PF-S05-0184,RoboCousin: Build Your Own Simulation Playground for Robust Bimanual Robotic Manipulation,2026,arXiv preprint,预印本,https://arxiv.org/abs/2609.08339,2609.08339,,S05-0184,数据&模拟&跨本体,1,singleton,candidate_singleton
PF-S07-0166,RoboDojo: A Unified Sim-and-Real Benchmark for Comprehensive Evaluation of Generalist Robot Manipulation Policies,2026,arXiv,预印本/公开稿,https://arxiv.org/abs/2607.04434,2607.04434,,S07-0166,评估&安全&Benchmark,1,singleton,candidate_singleton
PF-S05-0034,RoboDream: Compositional World Models for Scalable Robot Data Synthesis,2026,arXiv预印本（cs.RO）,预印本（2026-06-01）,https://arxiv.org/abs/2606.02577,2606.02577,,S05-0034 | S06-0122,世界模型&VLA&规划 | 数据&模拟&跨本体,2,arxiv_id,deterministic_identity
PF-S01-0094,RoboDreamer: Learning Compositional World Models for Robot Imagination,2024,ICML 2024 / arXiv,已发表会议论文,https://arxiv.org/abs/2404.12377,2404.12377,,S01-0094 | S07-0119,世界模型基础&控制 | 评估&安全&Benchmark,2,arxiv_id,deterministic_identity
PF-S05-0181,RoboEngine: Plug‑and‑Play Robot Data Augmentation with Semantic Robot Segmentation and Background Generation,2025,arXiv preprint,预印本,https://arxiv.org/abs/2503.18738,2503.18738,,S05-0181,数据&模拟&跨本体,1,singleton,candidate_singleton
PF-S05-0029,RoboFAC: A Comprehensive Framework for Robotic Failure Analysis and Correction,2025,arXiv预印本（cs.RO）,预印本（2025-05-18）,https://arxiv.org/abs/2505.12224,2505.12224,,S05-0029,数据&模拟&跨本体,1,singleton,candidate_singleton
PF-S07-0144,RoboFlamingo: Vision-Language Foundation Models as Effective Robot Policies,2023,arXiv,预印本/公开稿,https://arxiv.org/abs/2311.01378,2311.01378,,S07-0144,评估&安全&Benchmark,1,singleton,candidate_singleton
PF-S05-0099,RoboGen: Towards Unleashing Infinite Data for Automated Robot Learning via Generative Simulation,2023,RSS 2024,会议已接收,https://arxiv.org/abs/2311.01455,2311.01455,,S05-0099,数据&模拟&跨本体,1,singleton,candidate_singleton
PF-S07-0163,RoboMIND: Benchmark on Multi-embodiment Intelligence Normative Data for Robot Manipulation,2024,arXiv,预印本/公开稿,https://arxiv.org/abs/2412.13877,2412.13877,,S07-0163,评估&安全&Benchmark,1,singleton,candidate_singleton
PF-S01-0089,RoboNet: Large-Scale Multi-Robot Learning,2020,CoRL 2019 / PMLR 2020,已发表会议论文,https://arxiv.org/abs/1910.11215,1910.11215,,S01-0089 | S04-0031 | S05-0005 | S07-0135,世界模型基础&控制 | 数据&模拟&跨本体 | 结构化物理&多模态 | 评估&安全&Benchmark,4,arxiv_id,deterministic_identity
PF-S06-0082,RoboScape-R: Unified Reward-Observation World Models for Generalizable Robotics Training via RL,2026,CVPR 2026 Findings,"已发表（CVPR Findings 2026, pp. 1472-1481）",https://openaccess.thecvf.com/content/CVPR2026F/papers/Tang_RoboScape-R_Unified_Reward-Observation_World_Models_for_Generalizable_Robotics_Training_via_CVPRF_2026_paper.pdf,,,S06-0082,世界模型&VLA&规划,1,singleton,candidate_singleton
PF-S05-0164,RoboSnap: One‑Shot Real‑to‑Sim Scene Generation for Generalizable Robot Learning and Evaluation,2026,arXiv preprint,预印本,https://arxiv.org/abs/2607.06699,2607.06699,,S05-0164,数据&模拟&跨本体,1,singleton,candidate_singleton
PF-S07-0101,robosuite: A Modular Simulation Framework and Benchmark for Robot Learning,2020,arXiv,预印本/公开稿,https://arxiv.org/abs/2009.12293,2009.12293,,S07-0101,评估&安全&Benchmark,1,singleton,candidate_singleton
PF-S05-0126,RoboSwap: A GAN‑driven Video Diffusion Framework For Unsupervised Robot Arm Swapping,2025,arXiv preprint,预印本,https://arxiv.org/abs/2506.08632,2506.08632,,S05-0126,数据&模拟&跨本体,1,singleton,candidate_singleton
PF-S05-0047,Robot Learning from Human Videos: A Survey,2026,IEEE Transactions on Robotics (T‑RO),已接收待发表,https://arxiv.org/abs/2604.27621,2604.27621,,S05-0047,数据&模拟&跨本体,1,singleton,candidate_singleton
PF-S07-0200,RoboTHOR: An Open Simulation-to-Real Benchmark for Visual Navigation,2020,github.com,来源待核验,https://github.com/allenai/robothor,,,S07-0200,评估&安全&Benchmark,1,singleton,candidate_singleton
PF-S06-0134,Robotic World Model: A Neural Network Simulator for Robust Policy Optimization in Robotics,2025（v1: 2025-01-17）,arXiv预印本（cs.RO）；GitHub开源,预印本,https://arxiv.org/abs/2501.10100,2501.10100,,S06-0134,世界模型&VLA&规划,1,singleton,candidate_singleton
PF-S06-0151,RoboTrustBench: Benchmarking the Trustworthiness of Video World Models for Robotic Manipulation,2026,arXiv预印本（cs.RO）,预印本（2026-06-01）,https://arxiv.org/abs/2606.01600,2606.01600,,S06-0151,世界模型&VLA&规划,1,singleton,candidate_singleton
PF-S07-0186,RobotValues: Evaluating Household Robots When Human Values Conflict,2026,OpenReview,预印本/公开稿,https://openreview.net/pdf/a236f2599da9675424043e1827712898d95bab99.pdf,,,S07-0186,评估&安全&Benchmark,1,singleton,candidate_singleton
PF-S05-0150,RoboTwin 2.0: A Scalable Data Generator and Benchmark with Strong Domain Randomization for Robust Bimanual Robotic Manipulation,2026,ICML 2026,已发表,https://arxiv.org/abs/2506.18088,2506.18088,,S05-0150,数据&模拟&跨本体,1,singleton,candidate_singleton
PF-S07-0184,"RoboVerse: Towards a Unified Platform, Dataset and Benchmark for Scalable and Generalizable Robot Learning",2025,arXiv,预印本/公开稿,https://arxiv.org/abs/2504.18904,2504.18904,,S07-0184,评估&安全&Benchmark,1,singleton,candidate_singleton
PF-S06-0150,RoboWM-Bench: A Benchmark for Evaluating World Models in Robotic Manipulation,2026,CVPR 2026,正式论文来源,https://openaccess.thecvf.com/content/CVPR2026W/GigaBrainChallenge/html/Jiang_RoboWM-Bench_A_Benchmark_for_Evaluating_World_Models_in_Robotic_Manipulation_CVPRW_2026_paper.html,2604.19092,,S06-0150 | S07-0032,世界模型&VLA&规划 | 评估&安全&Benchmark,2,normalized_title,deterministic_identity
PF-S06-0029,RoBridge: A hierarchical architecture bridging cognition and execution for general robotic manipulation,2025,Proceedings of the IEEE/CVF international conference on computer vision (ICCV),正式会议论文,https://openaccess.thecvf.com/content/ICCV2025/html/Zhang_RoBridge_A_Hierarchical_Architecture_Bridging_Cognition_and_Execution_for_General_ICCV_2025_paper.html,,,S06-0029,世界模型&VLA&规划,1,singleton,candidate_singleton
PF-S06-0170,Robust-WAM: Bridging Generative Pretraining and Semantic Foresight in World-Action Models,2026,arXiv preprint (cs.CV; cs.RO)，v2，2026-08-06提交、08-07修订。【证据：首页】,预印本，未注明会议。【证据：首页】,https://arxiv.org/abs/2608.05903,2608.05903,,S06-0170,世界模型&VLA&规划,1,singleton,candidate_singleton
PF-S07-0227,Robustness Gym: Unifying the NLP Evaluation Landscape with a Robustness Benchmark,2021,arXiv,预印本/公开稿,https://arxiv.org/abs/2101.04840,2101.04840,,S07-0227,评估&安全&Benchmark,1,singleton,candidate_singleton
PF-S05-0160,RoVi-Aug: Robot and Viewpoint Augmentation for Cross-Embodiment Robot Learning,2024,CoRL 2024 (Oral),会议正式出版,https://arxiv.org/abs/2409.03403,2409.03403,,S05-0160 | S05-0175,数据&模拟&跨本体,2,arxiv_id,manual_identity_review
PF-S03-0053,RPM: Robots Pre-train Robots - Manipulation-Centric Representation,2024,OpenReview 2024,已接收（OpenReview 2024）,https://openreview.net/forum?id=yTEwmr1TJb,,,S03-0053,Latent&预测表示,1,singleton,candidate_singleton
PF-S01-0062,RT-1: Robotics Transformer for Real-World Control at Scale,2022,arXiv / Robotics at Google,技术报告/预印本,https://arxiv.org/abs/2212.06817,2212.06817,,S01-0062 | S06-0006 | S07-0107,世界模型&VLA&规划 | 世界模型基础&控制 | 评估&安全&Benchmark,3,arxiv_id,deterministic_identity
PF-S01-0068,RT-2: Vision-Language-Action Models Transfer Web Knowledge to Robotic Control,2023,CoRL 2023 / PMLR / arXiv,已发表会议论文,https://arxiv.org/abs/2307.15818,2307.15818,,S01-0068 | S06-0015 | S07-0111,世界模型&VLA&规划 | 世界模型基础&控制 | 评估&安全&Benchmark,3,arxiv_id,deterministic_identity
PF-S07-0142,RVT: Robotic View Transformer for 3D Object Manipulation,2023,arXiv,预印本/公开稿,https://arxiv.org/abs/2306.14891,2306.14891,,S07-0142,评估&安全&Benchmark,1,singleton,candidate_singleton
PF-S06-0092,RynnWorld-Teleop: An Action-Conditioned World Model for Digital Teleoperation,2026,arXiv:2607.06558,arXiv 预印本,https://arxiv.org/abs/2607.06558,2607.06558,,S06-0092,世界模型&VLA&规划,1,singleton,candidate_singleton
PF-S07-0179,"Safe Embodied AI: A Survey of Risks, Attacks, and Defenses",2026,OpenReview,预印本/公开稿,https://openreview.net/pdf/9f3d2074ac630373e7f381c3038b93e03fbc9692.pdf,,,S07-0179,评估&安全&Benchmark,1,singleton,candidate_singleton
PF-S07-0224,Safe Exploration in Continuous Action Spaces,2018,arXiv,预印本/公开稿,https://arxiv.org/abs/1801.08757,1801.08757,,S07-0224,评估&安全&Benchmark,1,singleton,candidate_singleton
PF-S07-0015,Safe learning in robotics: From learning-based control to safe reinforcement learning,2022,"Annual Review of Control, Robotics, and Autonomous Systems",期刊/正式出版,,,,S07-0015,评估&安全&Benchmark,1,singleton,candidate_singleton
PF-S07-0074,Safe Model-Based Reinforcement Learning for Systems with Parametric Uncertainties,2020,arXiv,预印本/公开稿,https://arxiv.org/abs/2007.12666,2007.12666,,S07-0074,评估&安全&Benchmark,1,singleton,candidate_singleton
PF-S07-0073,Safe model-based Reinforcement Learning via Model Predictive Control and Control Barrier Functions,2025,arXiv,预印本/公开稿,https://arxiv.org/abs/2512.04856,2512.04856,,S07-0073,评估&安全&Benchmark,1,singleton,candidate_singleton
PF-S07-0030,Safe Model-Based Reinforcement Learning with an Uncertainty-Aware Reachability Certificate,2024,IEEE Transactions on Automation Science and Engineering 21(3):4129-4142,Formal journal article,https://doi.org/10.1109/TASE.2023.3292388,,10.1109/TASE.2023.3292388,S07-0030,评估&安全&Benchmark,1,singleton,metadata_corrected + candidate_singleton
PF-S07-0029,Safe Model-based Reinforcement Learning with Stability Guarantees,2017,NeurIPS 2017,正式发表/会议,https://proceedings.neurips.cc/paper/2017/hash/766ebcd59621e305170616ba3d3dac32-Abstract.html,,,S07-0029,评估&安全&Benchmark,1,singleton,candidate_singleton
PF-S06-0085,Safe Planning and Policy Optimization via World Model Learning,2026,arXiv:2506.04828,arXiv 预印本,https://arxiv.org/abs/2506.04828,2506.04828,,S06-0085,世界模型&VLA&规划,1,singleton,candidate_singleton
PF-S07-0246,Safe Policy Learning for Continuous Control,2021,CoRL 2020 / PMLR 155,正式发表/会议,https://proceedings.mlr.press/v155/chow21a.html,,,S07-0246,评估&安全&Benchmark,1,singleton,candidate_singleton
PF-S07-0245,Safe Reinforcement Learning by Imagining the Near Future,2021,NeurIPS 2021,正式发表/会议,https://proceedings.neurips.cc/paper/2021/hash/73b277c11266681122132d024f53a75b-Abstract.html,,,S07-0245,评估&安全&Benchmark,1,singleton,candidate_singleton
PF-S07-0191,Safe Reinforcement Learning using Data-Driven Predictive Control,2022,IEEE,正式论文来源,https://ieeexplore.ieee.org/document/10018994,,,S07-0191,评估&安全&Benchmark,1,singleton,candidate_singleton
PF-S07-0155,SafeEmbodAI: A Safety Framework for Mobile Robots in Embodied AI Systems,2024,arXiv,预印本/公开稿,https://arxiv.org/abs/2409.01630,2409.01630,,S07-0155,评估&安全&Benchmark,1,singleton,candidate_singleton
PF-S07-0185,SafeLab: An Interactive High-Fidelity Benchmark for Embodied Safety in Scientific Robotics,2026,OpenReview,预印本/公开稿,https://openreview.net/pdf?id=ojwpa0wXo9,,,S07-0185,评估&安全&Benchmark,1,singleton,candidate_singleton
PF-S07-0222,Safety Gym: Safe Exploration in Reinforcement Learning,2019,cdn.openai.com,来源待核验,https://cdn.openai.com/safety-gym/safety-gym.pdf,,,S07-0222,评估&安全&Benchmark,1,singleton,candidate_singleton
PF-S07-0188,Safety-Gymnasium: A Unified Safe Reinforcement Learning Benchmark,2023,arXiv,预印本/公开稿,https://arxiv.org/abs/2310.12567,2310.12567,,S07-0188,评估&安全&Benchmark,1,singleton,candidate_singleton
PF-S07-0167,Safety of Embodied Navigation: A Survey,2025,arXiv,预印本/公开稿,https://arxiv.org/abs/2508.05855,2508.05855,,S07-0167,评估&安全&Benchmark,1,singleton,candidate_singleton
PF-S07-0253,"Safety, Security, and Cognitive Risks in World Models",2026,arXiv,预印本/未发表,https://arxiv.org/abs/2604.01346,2604.01346,,S07-0253,评估&安全&Benchmark,1,singleton,candidate_singleton
PF-S05-0157,SAGE: Scalable Automated Generation of Environments for Robotics,2025,arXiv 预印本,预印本,https://discovery.ucl.ac.uk/id/eprint/10223929/1/C75.pdf,,,S05-0157,数据&模拟&跨本体,1,singleton,candidate_singleton
PF-S06-0188,SAGE: Subgoal-Conditioned Action Generation for Latent World Model Planning,2026,arXiv 预印本（学术风格写作，未标注会议）。【证据：PDF 首页】,arXiv 预印本（2026）。【证据：PDF 首页】,https://arxiv.org/abs/2607.17973,2607.17973,,S06-0188,世界模型&VLA&规划,1,singleton,candidate_singleton
PF-S05-0006,SAPIEN: A SimulAted part-based interactive ENvironment,2020,IEEE/CVF conference on computer vision and pattern recognition,正式会议论文,https://ieeexplore.ieee.org/stamp/stamp.jsp?tp=&arnumber=9156706,,,S05-0006,数据&模拟&跨本体,1,singleton,candidate_singleton
PF-S06-0060,"Say, Dream, and Act: Learning Video World Models for Instruction-Driven Robot Manipulation",2026,arXiv 预印本,预印本,https://arxiv.org/abs/2602.10717,2602.10717,,S06-0060,世界模型&VLA&规划,1,singleton,candidate_singleton
PF-S06-0002,Scalable deep reinforcement learning for vision-based robotic manipulation,2018,Conference on robot learning,正式会议论文,https://proceedings.mlr.press/v87/kalashnikov18a,,,S06-0002,世界模型&VLA&规划,1,singleton,candidate_singleton
PF-S05-0052,Scalable Multi-Task Data Generation via Reinforcement Learning for Language-Conditioned Bimanual Dexterous Manipulation,2026,IEEE International Conference on Robotics and Automation (ICRA 2026),已接收待发表,https://arxiv.org/abs/2606.22471,2606.22471,,S05-0052,数据&模拟&跨本体,1,singleton,candidate_singleton
PF-S05-0025,Scaling Cross-Embodiment World Models for Dexterous Manipulation,2026,IEEE/RSJ International Conference on Intelligent Robots and Systems (IROS) 2026,已接收（IROS 2026）,https://arxiv.org/abs/2511.01177,2511.01177,,S05-0025 | S05-0107,数据&模拟&跨本体,2,arxiv_id,metadata_corrected + deterministic_identity
PF-S05-0004,Scaling egocentric vision: The EPIC-KITCHENS dataset,2018,European Conference on Computer Vision,期刊/正式出版,https://arxiv.org/abs/1804.02748,1804.02748,,S05-0004,数据&模拟&跨本体,1,singleton,candidate_singleton
PF-S06-0123,Scaling Vision–Language–Action Policy Adaptation via Action-Conditioned World Models,2026,IEEE（期刊/会议待确认）,已发表（IEEE Xplore收录）,https://ieeexplore.ieee.org/document/11533985,,,S06-0123,世界模型&VLA&规划,1,singleton,candidate_singleton
PF-S04-0050,SCALOR: Generative World Models with Scalable Object Representations,2020,ICLR 2020；arXiv:1910.02384,正式会议论文,https://arxiv.org/abs/1910.02384,1910.02384,,S04-0050,结构化物理&多模态,1,singleton,candidate_singleton
PF-S07-0157,ScenarioNet: Open-Source Platform for Large-Scale Traffic Scenario Modeling and Simulation,2023,arXiv,预印本/公开稿,https://arxiv.org/abs/2306.12241,2306.12241,,S07-0157,评估&安全&Benchmark,1,singleton,candidate_singleton
PF-S07-0053,SceneBench: Revealing Forgetting in Video Understanding Models with a Scene-Aware Long-Video Benchmark,2026,CVPR 2026,正式论文来源,https://openaccess.thecvf.com/content/CVPR2026/html/Chen_Seeing_the_Scene_Matters_Revealing_Forgetting_in_Video_Understanding_Models_CVPR_2026_paper.html,,,S07-0053,评估&安全&Benchmark,1,singleton,candidate_singleton
PF-S07-0070,SCP: Spatial Causal Prediction in Video,2026,CVPR 2026,正式论文来源,https://openaccess.thecvf.com/content/CVPR2026F/html/Zhao_SCP_Spatial_Causal_Prediction_in_Video_CVPRF_2026_paper.html,,,S07-0070,评估&安全&Benchmark,1,singleton,candidate_singleton
PF-S04-0019,SE(3)-Transformers: 3D Roto-Translation Equivariant Attention Networks,2020,Advances in Neural Information Processing Systems 33 (NeurIPS 2020),正式会议论文,https://arxiv.org/abs/2006.10503,2006.10503,,S04-0019,结构化物理&多模态,1,singleton,candidate_singleton
PF-S01-0073,SE3-Nets: Learning Rigid Body Motion using Deep Neural Networks,2017,ICRA 2017 / arXiv,已发表会议论文,https://arxiv.org/abs/1606.02378,1606.02378,,S01-0073,世界模型基础&控制,1,singleton,candidate_singleton
PF-S07-0133,"Security of World-Model-Based Embodied AI: A Lifecycle of Threats, Defenses, and Evaluation",2026,arXiv,预印本/公开稿,https://arxiv.org/abs/2607.28226,2607.28226,,S07-0133,评估&安全&Benchmark,1,singleton,candidate_singleton
PF-S06-0066,Seeing Space and Motion: Enhancing Latent Actions with Geometric and Dynamic Awareness for Vision-Language-Action Models,2026,arXiv（arXiv:2509.26251）,arXiv 预印本（2025-09）,https://arxiv.org/abs/2509.26251,2509.26251,,S06-0066 | S06-0071 | S06-0185,世界模型&VLA&规划,3,arxiv_id,manual_identity_review
PF-S02-0049,Self-Predictive Dynamics for Generalization of Vision-based Reinforcement Learning (SPD),2025,IJCAI 2025（arXiv v1 2025-06）,正式会议论文（IJCAI）,https://arxiv.org/abs/2506.05418,2506.05418,,S02-0049,视觉&视频世界模型,1,singleton,candidate_singleton
PF-S02-0050,Self-supervised Contrastive Learning Performs Non-linear System Identification,2025,ICLR 2025,正式会议论文,https://arxiv.org/abs/2410.14673,2410.14673,,S02-0050,视觉&视频世界模型,1,singleton,candidate_singleton
PF-S02-0059,Self-Supervised Learning from Images with a Joint-Embedding Predictive Architecture (I-JEPA),2023,ICCV 2023,正式会议论文,https://arxiv.org/abs/2301.08243,2301.08243,,S02-0059 | S03-0004,Latent&预测表示 | 视觉&视频世界模型,2,manual_merge,manual_identity_review
PF-S03-0076,Self-supervised visual learning in the low-data regime: a comparative evaluation,2024,Neurocomputing 2024,已发表（Neurocomputing 2024）,https://arxiv.org/abs/2404.17202,2404.17202,,S03-0076,Latent&预测表示,1,singleton,candidate_singleton
PF-S06-0114,SelfWAM: A Self-Grounded Unified World Action Model for Fast Robot Control,2026,arXiv预印本（cs.RO）,预印本（v1: 2026-08-01）,https://arxiv.org/abs/2608.00725,2608.00725,,S06-0114,世界模型&VLA&规划,1,singleton,candidate_singleton
PF-S02-0053,SENSEI: Semantic Exploration Guided by Foundation Models to Learn Versatile World Models,2025,ICML 2025,正式会议论文,https://arxiv.org/abs/2503.01584,2503.01584,,S02-0053,视觉&视频世界模型,1,singleton,candidate_singleton
PF-S04-0051,"Sequential Attend, Infer, Repeat: Generative Modelling of Moving Objects",2018,NeurIPS 2018；arXiv:1806.01794,正式会议论文,https://arxiv.org/abs/1806.01794,1806.01794,,S04-0051,结构化物理&多模态,1,singleton,candidate_singleton
PF-S07-0161,Sequential Dexterity: Chaining Dexterous Policies for Long-Horizon Manipulation,2023,arXiv,预印本/公开稿,https://arxiv.org/abs/2309.00987,2309.00987,,S07-0161,评估&安全&Benchmark,1,singleton,candidate_singleton
PF-S03-0022,Sequential predictive learning is a unifying theory for hippocampal representation and replay,2024,bioRxiv,预印本（bioRxiv 2024.04.28.591528）,https://www.biorxiv.org/content/10.1101/2024.04.28.591528v2,,,S03-0022,Latent&预测表示,1,singleton,candidate_singleton
PF-S06-0164,SG-WAM: Text-Grounded and Spatial-aware Semantic Guidance for World-Action Models,2026,arXiv 预印本（cs.RO），2026-08-09 v1。【证据：首页】,预印本，未注明会议。【证据：首页】,https://arxiv.org/abs/2608.08839,2608.08839,,S06-0164,世界模型&VLA&规划,1,singleton,candidate_singleton
PF-S03-0067,Sigma-Agent: Contrastive Imitation Learning for Language-guided Multi-Task Manipulation,2024,CoRL 2024,已发表（CoRL 2024）,https://arxiv.org/abs/2406.09738,2406.09738,,S03-0067,Latent&预测表示,1,singleton,candidate_singleton
PF-S07-0190,Signal Temporal Logic Neural Predictive Control,2023,IEEE,正式论文来源,https://ieeexplore.ieee.org/document/10251585,,,S07-0190,评估&安全&Benchmark,1,singleton,candidate_singleton
PF-S05-0185,Sim‑and‑Human Co‑training for Data‑Efficient and Generalizable Robotic Manipulation,2026,arXiv preprint,预印本,https://arxiv.org/abs/2601.19406,2601.19406,,S05-0185,数据&模拟&跨本体,1,singleton,candidate_singleton
PF-S02-0045,"Simple, Good, Fast: Self-Supervised World Models Free of Baggage (SGF)",2025,ICLR 2025,正式会议论文,https://arxiv.org/abs/2506.02612,2506.02612,,S02-0045,视觉&视频世界模型,1,singleton,candidate_singleton
PF-S05-0079,SimplerEnv: Evaluating Real-World Robot Manipulation Policies in Simulation,2024,RSS 2024,会议已接收,https://arxiv.org/abs/2405.05941,2405.05941,,S05-0079,数据&模拟&跨本体,1,singleton,candidate_singleton
PF-S06-0124,Simulation Distillation: Pretraining World Models in Simulation for Rapid Real-World Adaptation,2026,Robotics: Science and Systems (RSS) 2026,已接收（RSS 2026）,https://arxiv.org/abs/2603.15759,2603.15759,,S06-0124,世界模型&VLA&规划,1,singleton,candidate_singleton
PF-S06-0167,Skel-WAM: A Hand-Skeleton-Conditioned World Action Model for Human-to-Robot Manipulation Transfer,2026,arXiv preprint (cs.RO)，2026-09-18 提交（v1）。【证据：首页】,预印本，未注明会议。【证据：首页】,https://arxiv.org/abs/2609.21514,2609.21514,,S06-0167,世界模型&VLA&规划,1,singleton,candidate_singleton
PF-S03-0031,SLAC: Safe and Efficient Real-Robot RL via Unsupervised Simulation Pre-Training,2025,CoRL 2025,已接收（CoRL 2025）,https://arxiv.org/abs/2506.04147,2506.04147,,S03-0031,Latent&预测表示,1,singleton,candidate_singleton
PF-S05-0144,"SlideSLAM: Sparse, Lightweight, Decentralized Metric‑Semantic SLAM for Multirobot Navigation",2025,IEEE,已发表,https://arxiv.org/abs/2406.17249,2406.17249,,S05-0144,数据&模拟&跨本体,1,singleton,candidate_singleton
PF-S04-0025,SlotFormer: Unsupervised Visual Dynamics Simulation with Object-Centric Models,2023,International Conference on Learning Representations (ICLR 2023),正式会议论文,https://arxiv.org/abs/2210.05861,2210.05861,,S04-0025,结构化物理&多模态,1,singleton,candidate_singleton
PF-S07-0230,SMARTS: Scalable Multi-Agent RL Training School for Autonomous Driving,2020,arXiv,预印本/公开稿,https://arxiv.org/abs/2010.09776,2010.09776,,S07-0230,评估&安全&Benchmark,1,singleton,candidate_singleton
PF-S06-0030,SmolVLA: A vision-language-action model for affordable and efficient robotics,2025,,版本待核验,https://arxiv.org/abs/2506.01844,2506.01844,,S06-0030,世界模型&VLA&规划,1,singleton,candidate_singleton
PF-S03-0054,SOFT: Recasting Generic Pretrained Vision Transformers As Object-Centric Scene Encoders,2024,ICRA 2024,已发表（ICRA 2024）,https://arxiv.org/abs/2405.15916,2405.15916,,S03-0054,Latent&预测表示,1,singleton,candidate_singleton
PF-S03-0009,SOLD: Slot Object-Centric Latent Dynamics Models for Relational Manipulation Learning from Pixels,2025,ICML 2025,正式会议论文,https://arxiv.org/abs/2410.08822,2410.08822,,S03-0009 | S03-0046,Latent&预测表示,2,manual_merge,manual_identity_review
PF-S07-0207,Something-Something V2: A Large Fine-Grained Video Dataset for Human Action Recognition,2017,developer.qualcomm.com,来源待核验,https://developer.qualcomm.com/software/ai-hub,,,S07-0207,评估&安全&Benchmark,1,singleton,candidate_singleton
PF-S04-0052,SPACE: Unsupervised Object-Oriented Scene Representation via Spatial Attention and Decomposition,2020,ICLR 2020；arXiv:2001.02407,正式会议论文,https://arxiv.org/abs/2001.02407,2001.02407,,S04-0052,结构化物理&多模态,1,singleton,candidate_singleton
PF-S04-0012,Sparsh: Self-supervised touch representations for vision-based tactile sensing,2024,Conference on robot learning,正式会议论文,https://arxiv.org/abs/2410.24090,2410.24090,,S04-0012,结构化物理&多模态,1,singleton,candidate_singleton
PF-S05-0137,Spatial RoboGrasp: Generalized Robotic Grasping Control Policy,2025,arXiv 预印本,预印本,https://arxiv.org/abs/2505.20814,2505.20814,,S05-0137,数据&模拟&跨本体,1,singleton,candidate_singleton
PF-S07-0049,Spatial457: A Diagnostic Benchmark for 6D Spatial Reasoning of Large Multimodal Models,2025,CVPR 2025,正式论文来源,https://openaccess.thecvf.com/content/CVPR2025/html/Wang_Spatial457_A_Diagnostic_Benchmark_for_6D_Spatial_Reasoning_of_Large_CVPR_2025_paper.html,,,S07-0049,评估&安全&Benchmark,1,singleton,candidate_singleton
PF-S07-0048,SpatialCLIP: Learning 3D-aware Image Representations from Spatially Discriminative Language,2025,CVPR 2025,正式论文来源,https://openaccess.thecvf.com/content/CVPR2025/html/Wang_SpatialCLIP_Learning_3D-aware_Image_Representations_from_Spatially_Discriminative_Language_CVPR_2025_paper.html,,,S07-0048,评估&安全&Benchmark,1,singleton,candidate_singleton
PF-S06-0132,Spatially Aware World Action Model via Geometric Latent Diffusion,2026,arXiv预印本,预印本（2026-09-02）,https://arxiv.org/abs/2609.02531,2609.02531,,S06-0132,世界模型&VLA&规划,1,singleton,candidate_singleton
PF-S07-0041,SpatiaLQA: A Benchmark for Evaluating Spatial Logical Reasoning in Vision-Language Models,2026,CVPR 2026,正式论文来源,https://openaccess.thecvf.com/content/CVPR2026/html/Xie_SpatiaLQA_A_Benchmark_for_Evaluating_Spatial_Logical_Reasoning_in_Vision-Language_CVPR_2026_paper.html,,,S07-0041,评估&安全&Benchmark,1,singleton,candidate_singleton
PF-S05-0130,SPEAR‑1: Scaling Beyond Robot Demonstrations via 3D Understanding,2025,CVPR 2026,已发表,https://openaccess.thecvf.com/content/CVPR2026/papers/Nikolov_SPEAR‑1_Scaling_Beyond_Robot_Demonstrations_via_3D_Understanding_CVPR_2026_paper.pdf,,,S05-0130,数据&模拟&跨本体,1,singleton,candidate_singleton
PF-S03-0070,Spectral State Space Models,2023,arXiv,预印本（arXiv:2312.06837）,https://arxiv.org/abs/2312.06837,2312.06837,,S03-0070,Latent&预测表示,1,singleton,candidate_singleton
PF-S05-0162,Splatting physical scenes: End‑to‑end real‑to‑sim from imperfect robot data,2025,arXiv preprint,预印本,https://arxiv.org/abs/2506.04120,2506.04120,,S05-0162,数据&模拟&跨本体,1,singleton,candidate_singleton
PF-S01-0048,Stochastic Latent Actor-Critic: Deep Reinforcement Learning with a Latent Variable Model,2020,NeurIPS 2020 / arXiv,已发表会议论文,https://arxiv.org/abs/1907.00953,1907.00953,,S01-0048,世界模型基础&控制,1,singleton,candidate_singleton
PF-S07-0218,Stochastic Video Generation with a Learned Prior,2018,arXiv,预印本/公开稿,https://arxiv.org/abs/1802.07687,1802.07687,,S07-0218,评估&安全&Benchmark,1,singleton,candidate_singleton
PF-S03-0055,STP: Spatiotemporal Predictive Pre-training for Robotic Motor Control,2024,arXiv,预印本（arXiv:2403.05304）,https://arxiv.org/abs/2403.05304,2403.05304,,S03-0055,Latent&预测表示,1,singleton,candidate_singleton
PF-S04-0055,Structured Object-Aware Physics Prediction for Video Modeling and Planning,2020,International Conference on Learning Representations (ICLR 2020),正式会议论文,https://arxiv.org/abs/1910.02425,1910.02425,,S04-0055,结构化物理&多模态,1,singleton,candidate_singleton
PF-S03-0058,SupMAE: Supervised Masked Autoencoders Are Efficient Vision Learners,2022,AAAI 2024 Edge Workshop,已发表（AAAI 2024 Workshop）,https://arxiv.org/abs/2205.14540,2205.14540,,S03-0058,Latent&预测表示,1,singleton,candidate_singleton
PF-S06-0031,Survey of vision-language-action models for embodied manipulation,2025,,版本待核验,https://arxiv.org/abs/2508.15201,2508.15201,,S06-0031,世界模型&VLA&规划,1,singleton,candidate_singleton
PF-S07-0043,SVBench: Evaluation of Video Generation Models on Social Reasoning,2026,CVPR 2026,正式论文来源,https://openaccess.thecvf.com/content/CVPR2026/html/Peng_SVBench_Evaluation_of_Video_Generation_Models_on_Social_Reasoning_CVPR_2026_paper.html,,,S07-0043,评估&安全&Benchmark,1,singleton,candidate_singleton
PF-S06-0179,SwiftVLA: Unlocking Spatiotemporal Dynamics for Lightweight VLA Models at Minimal Overhead,2026,CVPR 2026（IEEE/CVF）。【证据：openaccess 路径 CVPR2026】,已正式发表（CVPR 2026）。【证据：URL】,https://openaccess.thecvf.com/content/CVPR2026/papers/Ni_SwiftVLA_Unlocking_Spatiotemporal_Dynamics_for_Lightweight_VLA_Models_at_Minimal_CVPR_2026_paper.pdf,,,S06-0179,世界模型&VLA&规划,1,singleton,candidate_singleton
PF-S06-0153,SwiftWA / GigaWorld-Policy: An Efficient Action-Centered World-Action Model,2026,arXiv 预印本（cs.CV），v1 2026-03-18，v2 2026-03-21。【证据：abs 页 submission history】,预印本（CC BY-NC-SA 4.0），未注明会议。【证据：abs 页】,https://arxiv.org/abs/2603.17240,2603.17240,,S06-0153,世界模型&VLA&规划,1,singleton,candidate_singleton
PF-S05-0168,Synthetic data generation in smart manufacturing applications: A systematic review,2025,SSRN Working Paper,工作论文,https://ssrn.com/abstract=5726804,,,S05-0168,数据&模拟&跨本体,1,singleton,candidate_singleton
PF-S05-0049,SynthICL: Scalable In-context Imitation Learning with Synthetic Data,2026,International Conference on Machine Learning (ICML 2026),已接收待发表,https://arxiv.org/abs/2606.08154,2606.08154,,S05-0049,数据&模拟&跨本体,1,singleton,candidate_singleton
PF-S07-0046,T2V-CompBench: A Comprehensive Benchmark for Compositional Text-to-video Generation,2025,t2v-compbench.github.io,来源待核验,https://t2v-compbench.github.io/,,,S07-0046,评估&安全&Benchmark,1,singleton,candidate_singleton
PF-S07-0037,T2VWorldBench: A Benchmark for Evaluating World Knowledge in Text-to-Video Generation,2026,WACV 2026,正式论文来源,https://openaccess.thecvf.com/content/WACV2026/html/Chen_T2VWorldBench_A_Benchmark_for_Evaluating_World_Knowledge_in_Text-to-Video_Generation_WACV_2026_paper.html,,,S07-0037,评估&安全&Benchmark,1,singleton,candidate_singleton
PF-S06-0120,TacForeSight: Force-Guided Tactile World Model for Contact-Rich Manipulation,2026,arXiv预印本（cs.RO）,预印本（2026-06-09）,https://arxiv.org/abs/2606.11184,2606.11184,,S06-0120,世界模型&VLA&规划,1,singleton,candidate_singleton
PF-S04-0014,Tactile robotics: An outlook,2025,IEEE Transactions on Robotics,期刊/正式出版,https://ieeexplore.ieee.org/stamp/stamp.jsp?tp=&arnumber=11162616,,,S04-0014,结构化物理&多模态,1,singleton,candidate_singleton
PF-S04-0011,"TACTO: A fast, flexible, and open-source simulator for high-resolution vision-based tactile sensors",2022,IEEE Robotics and Automation Letters,期刊/正式出版,https://ieeexplore.ieee.org/stamp/stamp.jsp?tp=&arnumber=9697425,,,S04-0011,结构化物理&多模态,1,singleton,candidate_singleton
PF-S04-0016,TacVLA: Contact-aware tactile fusion for robust vision-language-action manipulation,2026,arXiv preprint arXiv:2603.12665,预印本/公开稿,https://arxiv.org/abs/2603.12665,2603.12665,,S04-0016,结构化物理&多模态,1,singleton,candidate_singleton
PF-S02-0043,TD-JEPA: Latent-predictive Representations for Zero-Shot Reinforcement Learning,2025,arXiv 2025（预印本）,预印本,https://arxiv.org/abs/2510.00739,2510.00739,,S02-0043,视觉&视频世界模型,1,singleton,candidate_singleton
PF-S01-0017,"TD-MPC2: Scalable, Robust World Models for Continuous Control",2023,arXiv / ICLR 2024相关版本,预印本/会议版本需核对,https://arxiv.org/abs/2310.16828,2310.16828,,S01-0017 | S02-0029 | S07-0116,世界模型基础&控制 | 视觉&视频世界模型 | 评估&安全&Benchmark,3,arxiv_id + normalized_title,deterministic_identity
PF-S07-0104,TEACh: Task-driven Embodied Agents that Chat,2022,arXiv,预印本/公开稿,https://arxiv.org/abs/2110.00534,2110.00534,,S07-0104,评估&安全&Benchmark,1,singleton,candidate_singleton
PF-S05-0179,Teleoperation‑Driven and Keyframe‑Based Generalizable Imitation Learning for Construction Robots,2025,NSF PAR repository,技术报告,https://par.nsf.gov/servlets/purl/10533650,,,S05-0179,数据&模拟&跨本体,1,singleton,candidate_singleton
PF-S05-0022,"Teleoperation, Simulation, or Human Video? Data Utilization Law for Robot Manipulation",2026,CVPR 2026 Findings,"已发表（CVPRF 2026, pp. 1388-1397）",https://openreview.net/pdf?id=m6mRGNO7Yj,,,S05-0022,数据&模拟&跨本体,1,singleton,candidate_singleton
PF-S01-0014,Temporal Difference Learning for Model Predictive Control,2022,NeurIPS 2022 / arXiv,已发表会议论文,https://arxiv.org/abs/2203.04955,2203.04955,,S01-0014 | S07-0096,世界模型基础&控制 | 评估&安全&Benchmark,2,arxiv_id,manual_identity_review
PF-S05-0122,Tenma: Robust Cross‑Embodiment Robot Manipulation with Diffusion Transformer,2025,arXiv preprint,预印本,https://arxiv.org/abs/2509.11865,2509.11865,,S05-0122,数据&模拟&跨本体,1,singleton,candidate_singleton
PF-S07-0239,The Arcade Learning Environment,2013,arXiv,预印本/公开稿,https://arxiv.org/abs/1207.4708,1207.4708,,S07-0239,评估&安全&Benchmark,1,singleton,candidate_singleton
PF-S05-0141,The Curse of Precision: A Data Scaling Law for High‑Precision Robotic Manipulation,2026,arXiv preprint,预印本,https://arxiv.org/abs/2607.23108,2607.23108,,S05-0141,数据&模拟&跨本体,1,singleton,candidate_singleton
PF-S05-0033,The Embodiment Gap in Robot Foundation Models,2026,Transactions on Machine Learning Research (TMLR),"已发表（TMLR, August 2026）",https://arxiv.org/abs/2608.18433,2608.18433,,S05-0033,数据&模拟&跨本体,1,singleton,candidate_singleton
PF-S07-0197,The NetHack Learning Environment,2020,arXiv,预印本/公开稿,https://arxiv.org/abs/2006.13760,2006.13760,,S07-0197,评估&安全&Benchmark,1,singleton,candidate_singleton
PF-S01-0076,The Predictron: End-To-End Learning and Planning,2017,ICML 2017 / arXiv,已发表会议论文,https://arxiv.org/abs/1612.08810,1612.08810,,S01-0076,世界模型基础&控制,1,singleton,candidate_singleton
PF-S07-0011,The PRISMA 2020 statement: An updated guideline for reporting systematic reviews,2021,BMJ,期刊/正式出版,,,,S07-0011,评估&安全&Benchmark,1,singleton,candidate_singleton
PF-S07-0172,"The Retrospective on the Robot Air Hockey Challenge: Benchmarking Robust, Reliable, and Safe Learning Techniques for Real-world Robotics",2024,OpenReview,预印本/公开稿,https://openreview.net/forum?id=gPLE4siNjO,,,S07-0172,评估&安全&Benchmark,1,singleton,candidate_singleton
PF-S07-0154,The Role of World Models in Shaping Autonomous Driving: A Comprehensive Survey,2025,arXiv,预印本/公开稿,https://arxiv.org/abs/2502.10498,2502.10498,,S07-0154,评估&安全&Benchmark,1,singleton,candidate_singleton
PF-S07-0132,The Safety Challenge of World Models for Embodied AI Agents: A Review,2025,arXiv,预印本/公开稿,https://arxiv.org/abs/2510.05865,2510.05865,,S07-0132,评估&安全&Benchmark,1,singleton,candidate_singleton
PF-S03-0052,Theia: Distilling Diverse Vision Foundation Models for Robot Learning,2024,CoRL 2024,已发表（CoRL 2024）,https://arxiv.org/abs/2407.20179,2407.20179,,S03-0052,Latent&预测表示,1,singleton,candidate_singleton
PF-S07-0038,TiViBench: Benchmarking Think-in-Video Reasoning for Video Generation,2026,CVPR 2026,正式论文来源,https://openaccess.thecvf.com/content/CVPR2026/html/Chen_TiViBench_Benchmarking_Think-in-Video_Reasoning_for_Video_Generation_CVPR_2026_paper.html,,,S07-0038,评估&安全&Benchmark,1,singleton,candidate_singleton
PF-S05-0105,ToddlerBot: Open-Source ML-Compatible Humanoid Platform for Loco-Manipulation,2025,arXiv 2025,arXiv预印本,https://arxiv.org/abs/2502.00893,2502.00893,,S05-0105,数据&模拟&跨本体,1,singleton,candidate_singleton
PF-S04-0034,Touch and Go: Learning from Human-Collected Vision and Touch,2022,"Advances in Neural Information Processing Systems 35, Datasets and Benchmarks Track",正式会议论文,https://proceedings.neurips.cc/paper_files/paper/2022/hash/354892587fe39b17c2b727af02abff4a-Abstract-Datasets_and_Benchmarks.html,,,S04-0034,结构化物理&多模态,1,singleton,candidate_singleton
PF-S06-0146,"Toward Unified Robot Learning: Bridging Representation, Vision-Language-Action, and World Models",2026,arXiv预印本（cs.RO）,预印本（2026-09-03）,https://arxiv.org/abs/2609.03927,2609.03927,,S06-0146,世界模型&VLA&规划,1,singleton,candidate_singleton
PF-S07-0177,Towards Diverse Behaviors: A Benchmark for Imitation Learning with Human Demonstrations,2024,OpenReview,预印本/公开稿,https://openreview.net/forum?id=dzVf1mYhoV,,,S07-0177,评估&安全&Benchmark,1,singleton,candidate_singleton
PF-S06-0144,Towards Generalist Embodied AI: A Survey on World Models for VLA Agents,2026,TechRxiv预印本,预印本（2026-01-27）,https://www.techrxiv.org/doi/pdf/10.36227/techrxiv.176948355.54623875/v1,,,S06-0144,世界模型&VLA&规划,1,singleton,candidate_singleton
PF-S07-0129,Towards World Simulator: Crafting Physical Commonsense-Based Benchmark for Video Generation,2024,arXiv,预印本/公开稿,https://arxiv.org/abs/2410.05363,2410.05363,,S07-0129,评估&安全&Benchmark,1,singleton,candidate_singleton
PF-S05-0057,TraceGen: World Modeling in 3D Trace Space Enables Learning from Cross-Embodiment Videos,2026,International Conference on Learning Representations (ICLR 2026),已接收待发表,https://openaccess.thecvf.com/content/CVPR2026/papers/Lee_TraceGen_World_Modeling_in_3D_Trace_Space_Enables_Learning_from_CVPR_2026_paper.pdf,,,S05-0057,数据&模拟&跨本体,1,singleton,candidate_singleton
PF-S06-0059,Track2Act: Predicting Point Tracks from Internet Videos Enables Generalizable Robot Manipulation,2026,arXiv 预印本,预印本,https://arxiv.org/abs/2405.01527,2405.01527,,S06-0059,世界模型&VLA&规划,1,singleton,candidate_singleton
PF-S05-0068,TrajBooster: Boosting Humanoid Whole-Body Manipulation via Trajectory-Centric Learning,2025,arXiv 2025,arXiv预印本,https://arxiv.org/abs/2509.11839,2509.11839,,S05-0068,数据&模拟&跨本体,1,singleton,candidate_singleton
PF-S05-0116,Trajectory Conditioned Cross‑embodiment Skill Transfer (TrajSkill),2025,arXiv 预印本,预印本,https://arxiv.org/abs/2510.07773,2510.07773,,S05-0116,数据&模拟&跨本体,1,singleton,candidate_singleton
PF-S01-0059,Trajectory Transformer,2021,NeurIPS 2021 / arXiv,已发表会议论文,https://arxiv.org/abs/2106.02039,2106.02039,,S01-0059,世界模型基础&控制,1,singleton,candidate_singleton
PF-S01-0047,Transformers are Sample-Efficient World Models,2022,NeurIPS 2022 / arXiv,已发表会议论文,https://arxiv.org/abs/2209.00588,2209.00588,,S01-0047,世界模型基础&控制,1,singleton,candidate_singleton
PF-S04-0032,Transporter Networks: Rearranging the Visual World for Robotic Manipulation,2020,Conference on Robot Learning (CoRL 2020); PMLR 155:165-177,正式会议论文,https://arxiv.org/abs/2010.14406,2010.14406,,S04-0032,结构化物理&多模态,1,singleton,candidate_singleton
PF-S05-0182,TwinAligner: Visual‑Dynamic Alignment Empowers Physics‑aware Real2Sim2Real for Robotic Manipulation,2025,arXiv preprint,预印本,https://arxiv.org/abs/2512.19390,2512.19390,,S05-0182,数据&模拟&跨本体,1,singleton,candidate_singleton
PF-S05-0128,Two‑Stage Video‑Based Policy Learning for Robot Manipulation,2026,IEEE Xplore,已发表,https://ieeexplore.ieee.org/abstract/document/11540706,,,S05-0128,数据&模拟&跨本体,1,singleton,candidate_singleton
PF-S07-0247,Uncertainty-aware Model-based Policy Optimization,2019,arXiv,预印本/未发表,https://arxiv.org/abs/1906.10717,1906.10717,,S07-0247,评估&安全&Benchmark,1,singleton,candidate_singleton
PF-S03-0015,Understanding neural circuit principles for representation learning through joint-embedding predictive architectures,2025,eLife,已发表（eLife reviewed preprint）,https://elifesciences.org/reviewed-preprints/110895,,,S03-0015,Latent&预测表示,1,singleton,candidate_singleton
PF-S03-0074,Understanding World or Predicting Future? A Comprehensive Survey of World Models,2026,"ACM Computing Surveys, Vol.58, Issue 3, Article 57, pp.1–38（开放获取）。【证据：ACM DOI 页面】",已正式发表，2025-09-09 上线（DOI 10.1145/3746449）。【证据：ACM 页面 Published 字段】,https://dl.acm.org/doi/pdf/10.1145/3746449,2411.14499,,S03-0074 | S06-0173,Latent&预测表示 | 世界模型&VLA&规划,2,normalized_title,deterministic_identity
PF-S05-0043,UniDex: A Robot Foundation Suite for Universal Dexterous Hand Control from Egocentric Human Videos,2026,IEEE/RSJ International Conference on Intelligent Robots and Systems (IROS 2026),已接收待发表,https://arxiv.org/abs/2603.22264,2603.22264,,S05-0043,数据&模拟&跨本体,1,singleton,candidate_singleton
PF-S05-0093,Unified World Models (UWM): Coupling Video and Action Diffusion,2025,arXiv 2025,arXiv预印本,https://arxiv.org/abs/2504.02792,2504.02792,,S05-0093,数据&模拟&跨本体,1,singleton,candidate_singleton
PF-S02-0033,UniJEPA: A Unified Joint-Embedding Predictive Architecture for Task-Agnostic Visual World Modeling,2026,ICML 2026（已接收）,正式会议论文,https://arxiv.org/abs/2608.07409,2608.07409,,S02-0033,视觉&视频世界模型,1,singleton,candidate_singleton
PF-S06-0193,UniNav: A Unified World-Action Diffusion Model for Visual Navigation,2026,arXiv 预印本（代码将开源）。【证据：PDF 首页】,arXiv 预印本（2026）。【证据：PDF 首页】,https://arxiv.org/abs/2608.03244,2608.03244,,S06-0193,世界模型&VLA&规划,1,singleton,candidate_singleton
PF-S01-0032,UniSim: A Neural Closed-Loop Sensor Simulator,2023,CVPR 2023,已发表会议论文,https://arxiv.org/abs/2308.01898,2308.01898,,S01-0032,世界模型基础&控制,1,singleton,candidate_singleton
PF-S05-0118,UniSkill: Imitating Human Videos via Cross‑Embodiment Skill Representations,2025,arXiv preprint,预印本,https://arxiv.org/abs/2505.08787,2505.08787,,S05-0118,数据&模拟&跨本体,1,singleton,candidate_singleton
PF-S05-0113,UniT: Toward a Unified Physical Language for Human‑to‑Humanoid Policy Learning and World Modeling,2026,arXiv 预印本,预印本,https://arxiv.org/abs/2604.19734,2604.19734,,S05-0113,数据&模拟&跨本体,1,singleton,candidate_singleton
PF-S05-0017,Universal manipulation interface: In-the-wild robot teaching without in-the-wild robots,2024,Robotics: Science and Systems,期刊/正式出版,https://arxiv.org/abs/2402.10329,2402.10329,,S05-0017,数据&模拟&跨本体,1,singleton,candidate_singleton
PF-S01-0077,Universal Planning Networks: Learning Generalizable Representations for Visuomotor Control,2018,ICML 2018,已发表会议论文,https://arxiv.org/abs/1804.00645,1804.00645,,S01-0077,世界模型基础&控制,1,singleton,candidate_singleton
PF-S03-0026,UniVLA: Learning to Act Anywhere with Task-centric Latent Actions,2025,RSS 2025,已发表（RSS 2025）,https://www.roboticsproceedings.org/rss21/p014.pdf,,,S03-0026,Latent&预测表示,1,singleton,candidate_singleton
PF-S01-0054,Unleashing Large-Scale Video Generative Pre-training for Visual Robot Manipulation,2023,ICLR 2024 / arXiv,已发表会议论文,https://arxiv.org/abs/2312.13139,2312.13139,,S01-0054 | S03-0033,Latent&预测表示 | 世界模型基础&控制,2,arxiv_id,manual_identity_review
PF-S03-0063,Unsupervised Learning of Hybrid Latent Dynamics: A Learn-to-Identify Framework (Meta-HyLaD),2024,arXiv,预印本（arXiv:2403.08194）,https://arxiv.org/abs/2403.08194,2403.08194,,S03-0063,Latent&预测表示,1,singleton,candidate_singleton
PF-S03-0075,Unsupervised Representation Learning in Deep Reinforcement Learning: A Review,2022,arXiv,预印本（arXiv:2208.14226）,https://arxiv.org/abs/2208.14226,2208.14226,,S03-0075,Latent&预测表示,1,singleton,candidate_singleton
PF-S01-0053,"V-JEPA 2: Self-Supervised Video Models Enable Understanding, Prediction and Planning",2025,arXiv / Meta AI,预印本/技术报告,https://arxiv.org/abs/2506.09985,2506.09985,,S01-0053 | S02-0007 | S02-0042 | S03-0013 | S05-0088 | S06-0142,Latent&预测表示 | 世界模型&VLA&规划 | 世界模型基础&控制 | 数据&模拟&跨本体 | 视觉&视频世界模型,6,arxiv_id,manual_identity_review
PF-S07-0040,V-STaR: Benchmarking Video-LLMs on Video Spatio-Temporal Reasoning,2026,CVPR 2026,正式论文来源,https://openaccess.thecvf.com/content/CVPR2026F/html/Cheng_V-STaR_Benchmarking_Video-LLMs_on_Video_Spatio-Temporal_Reasoning_CVPRF_2026_paper.html,,,S07-0040,评估&安全&Benchmark,1,singleton,candidate_singleton
PF-S06-0074,V-VLAPS: Value-Guided Planning for Vision-Language-Action Models,2026,arXiv（arXiv:2601.00969）,arXiv 预印本（2026-01）,https://arxiv.org/abs/2601.00969,2601.00969,,S06-0074,世界模型&VLA&规划,1,singleton,candidate_singleton
PF-S03-0048,VAE Approximation Error: ELBO and Exponential Families,2022,ICLR 2022 Spotlight,已发表（ICLR 2022 Spotlight）,https://arxiv.org/abs/2102.09310,2102.09310,,S03-0048,Latent&预测表示,1,singleton,candidate_singleton
PF-S05-0155,VAG: Dual‑Stream Video‑Action Generation for Embodied Data Synthesis,2026,arXiv 预印本,预印本,https://arxiv.org/abs/2604.09330,2604.09330,,S05-0155,数据&模拟&跨本体,1,singleton,candidate_singleton
PF-S01-0074,Value Iteration Networks,2016,NeurIPS 2016,已发表会议论文,https://arxiv.org/abs/1602.02867,1602.02867,,S01-0074,世界模型基础&控制,1,singleton,candidate_singleton
PF-S01-0041,Value Prediction Network,2017,NeurIPS 2017 / arXiv,已发表会议论文,https://arxiv.org/abs/1707.03497,1707.03497,,S01-0041,世界模型基础&控制,1,singleton,candidate_singleton
PF-S03-0005,VC-1: A universal visual representation for robot learning,2023,Robotics: Science and Systems,期刊/正式出版,,,,S03-0005,Latent&预测表示,1,singleton,candidate_singleton
PF-S06-0064,Vid2World: Crafting Video Diffusion Models to Interactive World Models,2026,arXiv 预印本,预印本,https://arxiv.org/abs/2505.14357,2505.14357,,S06-0064,世界模型&VLA&规划,1,singleton,candidate_singleton
PF-S07-0045,Video-Bench: Human-Aligned Video Generation Benchmark,2025,CVPR 2025,正式论文来源,https://openaccess.thecvf.com/content/CVPR2025/html/Han_Video-Bench_Human-Aligned_Video_Generation_Benchmark_CVPR_2025_paper.html,,,S07-0045,评估&安全&Benchmark,1,singleton,candidate_singleton
PF-S02-0018,Video Generation Models as World Simulators (Sora),2024,OpenAI技术报告博客,技术报告,https://openai.com/research/video-generation-models-as-world-simulators,,,S02-0018,视觉&视频世界模型,1,singleton,candidate_singleton
PF-S05-0089,Video Language Planning (VLP),2023,ICLR 2024,会议已接收,https://arxiv.org/abs/2310.10625,2310.10625,,S05-0089,数据&模拟&跨本体,1,singleton,candidate_singleton
PF-S07-0056,Video-MME: The First-Ever Comprehensive Evaluation Benchmark of Multi-modal LLMs in Video Analysis,2025,CVPR 2025,正式论文来源,https://openaccess.thecvf.com/content/CVPR2025/html/Fu_Video-MME_The_First-Ever_Comprehensive_Evaluation_Benchmark_of_Multi-modal_LLMs_in_CVPR_2025_paper.html,,,S07-0056,评估&安全&Benchmark,1,singleton,candidate_singleton
PF-S02-0004,Video Models Are Zero-Shot Learners and Reasoners,2025,arXiv预印本,预印本,https://arxiv.org/abs/2509.20328,2509.20328,,S02-0004,视觉&视频世界模型,1,singleton,candidate_singleton
PF-S02-0027,Video Prediction Policy: A Generalist Robot Policy with Predictive Visual Representations,2024,ICML 2025 Spotlight,正式会议,https://arxiv.org/abs/2412.14803,2412.14803,,S02-0027 | S06-0056,世界模型&VLA&规划 | 视觉&视频世界模型,2,arxiv_id,manual_identity_review
PF-S02-0054,Video Representation Learning with Joint-Embedding Predictive Architectures (VJ-VCR),2024,arXiv 2024（预印本）,预印本,https://arxiv.org/abs/2412.10925,2412.10925,,S02-0054,视觉&视频世界模型,1,singleton,candidate_singleton
PF-S06-0057,Video2Act: A Dual-System Video Diffusion Policy with Robotic Spatio-Motional Modeling,2026,"arXiv 预印本（v3, 2026-03）。【证据：PDF 页眉 arXiv:2512.03044v3】",预印本。【证据：PDF】,https://arxiv.org/abs/2512.03044,2512.03044,,S06-0057,世界模型&VLA&规划,1,singleton,candidate_singleton
PF-S05-0045,Video2Sim2Real: Full-Stack Autonomous Dexterous Skill Acquisition from a Single Human Video,2026,Conference on Robot Learning (CoRL 2026),已接收待发表,https://arxiv.org/abs/2606.08828,2606.08828,,S05-0045,数据&模拟&跨本体,1,singleton,candidate_singleton
PF-S07-0217,VideoGPT: Video Generation using VQ-VAE and Transformers,2021,arXiv,预印本/公开稿,https://arxiv.org/abs/2104.10157,2104.10157,,S07-0217,评估&安全&Benchmark,1,singleton,candidate_singleton
PF-S07-0064,VideoLLaMB: Long Streaming Video Understanding with Recurrent Memory Bridges,2025,ICCV 2025,正式论文来源,https://openaccess.thecvf.com/content/ICCV2025/html/Wang_VideoLLaMB_Long_Streaming_Video_Understanding_with_Recurrent_Memory_Bridges_ICCV_2025_paper.html,,,S07-0064,评估&安全&Benchmark,1,singleton,candidate_singleton
PF-S07-0131,VideoWorld: Exploring Knowledge Learning from Unlabeled Videos,2025,arXiv,预印本/公开稿,https://arxiv.org/abs/2501.09781,2501.09781,,S07-0131,评估&安全&Benchmark,1,singleton,candidate_singleton
PF-S05-0031,"ViFailback: Diagnose, Correct, and Learn from Manipulation Failures via Visual Symbols",2026,Computer Vision and Pattern Recognition (CVPR) 2026,"已发表（CVPR 2026, pp. 42386-42395）",https://openaccess.thecvf.com/content/CVPR2026/papers/Zeng_Diagnose_Correct_and_Learn_from_Manipulation_Failures_via_Visual_Symbols_CVPR_2026_paper.pdf,,,S05-0031,数据&模拟&跨本体,1,singleton,candidate_singleton
PF-S07-0136,VIMA: General Robot Manipulation with Multimodal Prompts,2022,arXiv,预印本/公开稿,https://arxiv.org/abs/2210.03094,2210.03094,,S07-0136,评估&安全&Benchmark,1,singleton,candidate_singleton
PF-S06-0055,ViPRA: Video Prediction for Robot Actions,2026,ICLR 2026（arXiv:2511.07732）,已发表,https://proceedings.iclr.cc/paper_files/paper/2026/file/707e34efcabd2b9375f7a64019600aa8-Paper-Conference.pdf,,,S06-0055,世界模型&VLA&规划,1,singleton,candidate_singleton
PF-S05-0065,ViPSim: Collaborating Visual and Parameter Spaces for Consistent Long-Horizon Embodied World Models,2026,Robotics: Science and Systems (RSS 2026),已接收待发表,https://arxiv.org/abs/2606.28804,2606.28804,,S05-0065,数据&模拟&跨本体,1,singleton,candidate_singleton
PF-S07-0004,Vision-and-Language Navigation: Interpreting Visually-Grounded Navigation Instructions in Real Environments,2018,arXiv,预印本/公开稿,https://arxiv.org/abs/1711.07280,1711.07280,,S07-0004,评估&安全&Benchmark,1,singleton,candidate_singleton
PF-S07-0052,VISTA: A Benchmark for Spatio-Temporal Interaction Understanding in Videos,2026,CVPR 2026,正式论文来源,https://openaccess.thecvf.com/content/CVPR2026W/PVUW/html/Aparcedo_VISTA_A_Benchmark_for_Spatio-Temporal_Interaction_Understanding_in_Videos_CVPRW_2026_paper.html,,,S07-0052,评估&安全&Benchmark,1,singleton,candidate_singleton
PF-S01-0035,Vista: A Generalizable Driving World Model with High Fidelity and Versatile Controllability,2024,NeurIPS 2024 / arXiv,已发表会议论文,https://arxiv.org/abs/2405.17398,2405.17398,,S01-0035,世界模型基础&控制,1,singleton,candidate_singleton
PF-S01-0030,Visual Foresight: Model-Based Deep Reinforcement Learning for Vision-Based Robotic Control,2018,RSS 2018 / arXiv,已发表会议论文,https://arxiv.org/abs/1812.00568,1812.00568,,S01-0030,世界模型基础&控制,1,singleton,candidate_singleton
PF-S01-0075,Visual Interaction Networks,2017,NeurIPS 2017 / arXiv,已发表会议论文,https://arxiv.org/abs/1706.01433,1706.01433,,S01-0075 | S04-0042 | S04-0054 | S07-0076,世界模型基础&控制 | 结构化物理&多模态 | 评估&安全&Benchmark,4,arxiv_id + normalized_title,manual_identity_review
PF-S04-0036,Visuo-Tactile Transformers for Manipulation,2023,Conference on Robot Learning (CoRL 2022); PMLR 205:2026-2040,正式会议论文,https://proceedings.mlr.press/v205/chen23d.html,,,S04-0036,结构化物理&多模态,1,singleton,candidate_singleton
PF-S04-0038,Visuo-Tactile World Models,2026,arXiv preprint arXiv:2602.06001,预印本（2026；未见正式同行评审信息）,https://arxiv.org/abs/2602.06001,2602.06001,,S04-0038,结构化物理&多模态,1,singleton,candidate_singleton
PF-S05-0169,ViTacFormer: Learning Cross-Modal Representation for Visuo-Tactile Dexterous Manipulation,2025,arXiv preprint,预印本,https://arxiv.org/abs/2506.15953,2506.15953,,S05-0169,数据&模拟&跨本体,1,singleton,candidate_singleton
PF-S04-0041,ViTacWorld: Scaling Visuo-Tactile World Models for Contact-Rich Robot Manipulation,2026,arXiv preprint arXiv:2607.22530,预印本（2026；未见正式同行评审信息）,https://arxiv.org/abs/2607.22530,2607.22530,,S04-0041,结构化物理&多模态,1,singleton,candidate_singleton
PF-S02-0034,VJEPA: Variational Joint Embedding Predictive Architectures as Probabilistic World Models,2026,arXiv 2026（预印本）,预印本,https://arxiv.org/abs/2601.14354,2601.14354,,S02-0034,视觉&视频世界模型,1,singleton,candidate_singleton
PF-S07-0063,VLABench: A Large-Scale Benchmark for Language-Conditioned Robotics Manipulation with Long-Horizon Reasoning Tasks,2025,ICCV 2025,正式论文来源,https://openaccess.thecvf.com/content/ICCV2025/html/Zhang_VLABench_A_Large-Scale_Benchmark_for_Language-Conditioned_Robotics_Manipulation_with_Long-Horizon_ICCV_2025_paper.html,,,S07-0063,评估&安全&Benchmark,1,singleton,candidate_singleton
PF-S06-0016,VoxPoser: Composable 3D value maps for robotic manipulation with language models,2023,Conference on robot learning,正式会议论文,https://arxiv.org/abs/2307.05973,2307.05973,,S06-0016 | S07-0141,世界模型&VLA&规划 | 评估&安全&Benchmark,2,arxiv_id,deterministic_identity
PF-S07-0062,VRBench: A Benchmark for Multi-Step Reasoning in Long Narrative Videos,2025,ICCV 2025,正式论文来源,https://openaccess.thecvf.com/content/ICCV2025/html/Yu_VRBench_A_Benchmark_for_Multi-Step_Reasoning_in_Long_Narrative_Videos_ICCV_2025_paper.html,,,S07-0062,评估&安全&Benchmark,1,singleton,candidate_singleton
PF-S06-0117,VT-WAM: Visual-Tactile World Action Model for Contact-Rich Manipulation,2026,arXiv预印本（cs.RO）,预印本（v1: 2026-07-01）,https://arxiv.org/abs/2607.02503,2607.02503,,S06-0117,世界模型&VLA&规划,1,singleton,candidate_singleton
PF-S02-0038,WA-JEPA: Rethinking the Video JEPA Paradigm for World-Action Modeling in Autonomous Driving,2026,arXiv 2026（v2 2026-09）,预印本,https://arxiv.org/abs/2608.20974,2608.20974,,S02-0038,视觉&视频世界模型,1,singleton,candidate_singleton
PF-S06-0107,WALL-SS: Scaling Long-horizon World Models via Next-Scale Autoregression,2026,arXiv:2608.26239（2026-08-28）,arXiv 预印本（Preprint）,https://arxiv.org/abs/2608.26239,2608.26239,,S06-0107,世界模型&VLA&规划,1,singleton,candidate_singleton
PF-S06-0158,WAM-TTT: Steering World-Action Models by Watching Human Play at Test Time,2026,arXiv 预印本，2026。【证据：首页】,预印本，未注明会议。【证据：首页】,https://arxiv.org/abs/2607.06988,2607.06988,,S06-0158,世界模型&VLA&规划,1,singleton,candidate_singleton
PF-S02-0006,Wan: Open and Advanced Large-Scale Video Generative Models,2025,arXiv预印本,预印本,https://arxiv.org/abs/2503.20314,2503.20314,,S02-0006,视觉&视频世界模型,1,singleton,candidate_singleton
PF-S07-0231,"Waymax: An Accelerated, Data-Driven Simulator for Large-Scale Autonomous Driving Research",2023,arXiv,预印本/公开稿,https://arxiv.org/abs/2310.08710,2310.08710,,S07-0231,评估&安全&Benchmark,1,singleton,candidate_singleton
PF-S07-0234,Waymo Open Dataset: An Autonomous Driving Dataset,2020,arXiv,预印本/公开稿,https://arxiv.org/abs/1912.04838,1912.04838,,S07-0234,评估&安全&Benchmark,1,singleton,candidate_singleton
PF-S06-0106,"WEAVER: Better, Faster, Longer — An Effective World Model for Robotic Manipulation",2026,arXiv:2606.13672（代码已开源）,arXiv 预印本（Preprint）,https://arxiv.org/abs/2606.13672,2606.13672,,S06-0106,世界模型&VLA&规划,1,singleton,candidate_singleton
PF-S01-0056,What Matters in Learning from Offline Human Demonstrations for Robot Manipulation,2021,CoRL 2021 / arXiv,已发表会议论文,https://arxiv.org/abs/2108.03298,2108.03298,,S01-0056 | S07-0012 | S07-0202,世界模型基础&控制 | 评估&安全&Benchmark,3,arxiv_id + normalized_title,manual_identity_review
PF-S01-0007,When to Trust Your Model: Model-Based Policy Optimization,2019,NeurIPS 2019,已发表会议论文,https://arxiv.org/abs/1906.08253,1906.08253,,S01-0007,世界模型基础&控制,1,singleton,candidate_singleton
PF-S06-0166,WholeBodyWAM: Generalizing Pre-trained World-Action Priors to Humanoid Loco-Manipulation via WBC-Grounded Coordination,2026,arXiv preprint (cs.RO)，2026-09-15 提交（v1），8页8图3表。【证据：首页】,预印本，未注明会议。【证据：首页】,https://arxiv.org/abs/2609.16644,2609.16644,,S06-0166,世界模型&VLA&规划,1,singleton,candidate_singleton
PF-S07-0228,WILDS: A Benchmark of in-the-Wild Distribution Shifts,2021,arXiv,预印本/公开稿,https://arxiv.org/abs/2012.07421,2012.07421,,S07-0228,评估&安全&Benchmark,1,singleton,candidate_singleton
PF-S06-0126,WM-Craftnet: World Synesthesia Model for Generalizable and Robust Dexterous In-Hand Manipulation,2026,Conference on Robot Learning (CoRL) 2026,已接收（CoRL 2026）,https://arxiv.org/abs/2609.07002,2609.07002,,S06-0126,世界模型&VLA&规划,1,singleton,candidate_singleton
PF-S06-0115,World Action Models are Zero-shot Policies,2026,arXiv预印本（cs.RO）,预印本（2026-02-17）,https://arxiv.org/abs/2602.15922,2602.15922,,S06-0115,世界模型&VLA&规划,1,singleton,candidate_singleton
PF-S06-0174,World-Action Models for Robot Learning and Control: A Survey,2026,arXiv preprint (cs.RO; cs.CV)，19页，2026-09-13 提交（v1）。【证据：首页】,预印本，未注明会议。【证据：首页】,https://arxiv.org/abs/2609.16074,2609.16074,,S06-0174,世界模型&VLA&规划,1,singleton,candidate_singleton
PF-S01-0036,World Action Models: The Next Frontier in Embodied AI,2026,arXiv survey,预印本综述,https://arxiv.org/abs/2605.12090,2605.12090,,S01-0036 | S06-0145,世界模型&VLA&规划 | 世界模型基础&控制,2,arxiv_id,deterministic_identity
PF-S06-0087,World Action Planner: Generalizable Decision-Making with Action-Conditioned World Models,2026,arXiv:2607.27599,arXiv 预印本,https://arxiv.org/abs/2607.27599,2607.27599,,S06-0087,世界模型&VLA&规划,1,singleton,candidate_singleton
PF-S01-0019,World Model for Robot Learning: A Comprehensive Survey,2026,arXiv survey,预印本综述,https://arxiv.org/abs/2605.00080,2605.00080,,S01-0019 | S06-0199 | S07-0180,世界模型&VLA&规划 | 世界模型基础&控制 | 评估&安全&Benchmark,3,arxiv_id,deterministic_identity
PF-S07-0173,World Model for Testing Autonomous Systems Using Petri Nets,2016,IEEE,正式论文来源,https://ieeexplore.ieee.org/document/7423135,,,S07-0173,评估&安全&Benchmark,1,singleton,candidate_singleton
PF-S06-0127,World Model Implanting for Test-time Adaptation of Embodied Agents,2025,International Conference on Machine Learning (ICML) 2025,已发表（ICML 2025 Poster）,https://arxiv.org/abs/2509.03956,2509.03956,,S06-0127,世界模型&VLA&规划,1,singleton,candidate_singleton
PF-S02-0026,World Model on Million-Length Video And Action With RingAttention (LWM),2024,arXiv预印本,预印本,https://arxiv.org/abs/2402.08268,2402.08268,,S02-0026,视觉&视频世界模型,1,singleton,candidate_singleton
PF-S01-0005,World Models,2018,arXiv / NeurIPS workshop相关工作,预印本/公开技术报告,https://arxiv.org/abs/1803.10122,1803.10122,,S01-0005 | S02-0062 | S07-0077,世界模型基础&控制 | 视觉&视频世界模型 | 评估&安全&Benchmark,3,arxiv_id,deterministic_identity
PF-S07-0162,World Models for Autonomous Driving: An Initial Survey,2024,arXiv,预印本/公开稿,https://arxiv.org/abs/2403.02622,2403.02622,,S07-0162,评估&安全&Benchmark,1,singleton,candidate_singleton
PF-S06-0147,World Models for Embodied Intelligence: From Plausible to Controllable to Actionable,2026,Preprints.org预印本,预印本（2026-09-15）,https://www.preprints.org/frontend/manuscript/86832e3796357c0d9215c00c0a3d1a45/download_pub,,,S06-0147,世界模型&VLA&规划,1,singleton,candidate_singleton
PF-S06-0189,World Models for Policy Refinement in StarCraft II,2026,arXiv 预印本（开源 GitHub）。【证据：PDF 首页脚注】,arXiv 预印本（2026）。【证据：PDF 首页】,https://arxiv.org/abs/2602.14857,2602.14857,,S06-0189,世界模型&VLA&规划,1,singleton,candidate_singleton
PF-S06-0052,World2Act: Latent Action Post-Training from World Model Dynamics,2026,arXiv:2603.10422（预印本）,预印本,https://arxiv.org/abs/2603.10422,2603.10422,,S06-0052,世界模型&VLA&规划,1,singleton,candidate_singleton
PF-S06-0077,World4RL: Diffusion World Models for Policy Refinement with Reinforcement Learning for Robotic Manipulation,2025（v1: 2025-09-23；v2: 2026-03-19）,arXiv预印本（cs.RO）,预印本（已提交，未正式发表）,https://arxiv.org/abs/2509.19080,2509.19080,,S06-0077,世界模型&VLA&规划,1,singleton,candidate_singleton
PF-S07-0031,WorldBench: Disambiguating Physics for Diagnostic Evaluation of World Models,2026,arXiv,预印本/公开稿,https://arxiv.org/abs/2601.21282,2601.21282,,S07-0031,评估&安全&Benchmark,1,singleton,candidate_singleton
PF-S07-0028,WorldEval: World Model as Real-World Robot Policies Evaluator,2025,arXiv,预印本/公开稿,https://arxiv.org/abs/2505.19017,2505.19017,,S07-0028,评估&安全&Benchmark,1,singleton,candidate_singleton
PF-S07-0151,WorldMark: A Unified Benchmark Suite for Interactive Video World Models,2026,arXiv,预印本/公开稿,https://arxiv.org/abs/2604.21686,2604.21686,,S07-0151,评估&安全&Benchmark,1,singleton,candidate_singleton
PF-S07-0026,WorldModelBench: Judging Video Generation Models As World Models,2025,OpenReview,预印本/公开稿,https://openreview.net/pdf?id=a3hafrDzuA,,,S07-0026,评估&安全&Benchmark,1,singleton,candidate_singleton
PF-S07-0181,WorldPrediction: A Benchmark for High-level World Modeling and Long-horizon Procedural Planning,2025,arXiv,预印本/公开稿,https://arxiv.org/abs/2506.04363,2506.04363,,S07-0181,评估&安全&Benchmark,1,singleton,candidate_singleton
PF-S05-0048,Worlds in One Demo: A Synthetic Data Engine for Learning Open-World Mobile Manipulation,2026,Robotics: Science and Systems (RSS 2026),已接收待发表,https://arxiv.org/abs/2607.13154,2607.13154,,S05-0048 | S05-0152,数据&模拟&跨本体,2,arxiv_id,manual_identity_review
PF-S06-0121,WorldSample: Closed-loop Real-robot RL with World Modelling,2026,arXiv预印本（cs.RO）,预印本（2026-07-02）,https://arxiv.org/abs/2607.02431,2607.02431,,S06-0121,世界模型&VLA&规划,1,singleton,candidate_singleton
PF-S06-0108,WorldScape Policy 2.0: Empowering Steerable World Action Modeling with Reasoning-Augmented Memory,2026,arXiv:2607.18840（2026-07-20）,arXiv 预印本（Preprint）,https://arxiv.org/abs/2607.18840,2607.18840,,S06-0108,世界模型&VLA&规划,1,singleton,candidate_singleton
PF-S07-0025,WorldScore: A Unified Evaluation Benchmark for World Generation,2025,ICCV 2025,正式论文来源,https://openaccess.thecvf.com/content/ICCV2025/html/Duan_WorldScore_A_Unified_Evaluation_Benchmark_for_World_Generation_ICCV_2025_paper.html,,,S07-0025,评估&安全&Benchmark,1,singleton,candidate_singleton
PF-S07-0020,WorldSimProbe: Diagnosing simulator faithfulness in action-conditioned world models for embodied manipulation,2026,,预印本/公开稿,https://arxiv.org/abs/2608.09298,2608.09298,,S07-0020,评估&安全&Benchmark,1,singleton,candidate_singleton
PF-S06-0032,WorldVLA: Towards autoregressive action world model,2025,arXiv preprint arXiv:2506.21539,预印本/公开稿,https://arxiv.org/abs/2506.21539,2506.21539,,S06-0032,世界模型&VLA&规划,1,singleton,candidate_singleton
PF-S05-0087,WoW: Towards a World Omniscient World Model Through Embodied Interaction,2025,arXiv 2025,arXiv预印本,https://arxiv.org/abs/2509.22642,2509.22642,,S05-0087 | S06-0137,世界模型&VLA&规划 | 数据&模拟&跨本体,2,arxiv_id,deterministic_identity
PF-S05-0117,X-Diffusion: Training Diffusion Policies on Cross‑Embodiment Human Demonstrations,2025,arXiv preprint,预印本,https://arxiv.org/abs/2511.04671,2511.04671,,S05-0117,数据&模拟&跨本体,1,singleton,candidate_singleton
PF-S05-0119,X-Sim: Cross-Embodiment Learning via Real-to-Sim-to-Real,2025,arXiv preprint,预印本,https://arxiv.org/abs/2505.07096,2505.07096,,S05-0119 | S05-0173,数据&模拟&跨本体,2,arxiv_id,manual_identity_review
PF-S05-0136,XEWorld: Can Action‑Conditioned World Models Generalize to Unseen Robot Embodiments?,2026,arXiv preprint,预印本,https://arxiv.org/abs/2608.05799,2608.05799,,S05-0136,数据&模拟&跨本体,1,singleton,candidate_singleton
PF-S05-0114,XMoP: Whole‑Body Control Policy for Zero‑shot Cross‑Embodiment Neural Motion Planning,2025,IEEE,已发表,https://ieeexplore.ieee.org/abstract/document/11127979/,,,S05-0114,数据&模拟&跨本体,1,singleton,candidate_singleton
PF-S05-0151,XNav‑Pipe: Cross‑Platform Robot Navigation Data Generation Pipeline,2026,IEEE Xplore,已发表,https://ieeexplore.ieee.org/abstract/document/11626805,,,S05-0151,数据&模拟&跨本体,1,singleton,candidate_singleton
PF-S05-0135,XPolicyLab: A Unified Standard and Open Ecosystem for Robot Policy Evaluation and Deployment,2026,arXiv 预印本,预印本,https://arxiv.org/abs/2608.09892,2608.09892,,S05-0135,数据&模拟&跨本体,1,singleton,candidate_singleton
PF-S05-0176,Xskill: Cross embodiment skill discovery,2023,CoRL 2023,会议正式出版,https://proceedings.mlr.press/v229/xu23a/xu23a.pdf,,,S05-0176,数据&模拟&跨本体,1,singleton,candidate_singleton
